,nation,pdi,idv,mas,uai,ltowvs,ivr,funct,pronoun,ppron,i,we,you,shehe,they,ipron,article,verb,auxverb,past,present,future,adverb,preps,conj,negate,quant,number,swear,social,family,friend,humans,affect,posemo,negemo,anx,anger,sad,cogmech,insight,cause,discrep,tentat,certain,inhib,incl,excl,percept,see,hear,feel,bio,body,health,sexual,ingest,relativ,motion,space,time,work,achieve,leisure,home,money,relig,death,assent,nonfl,filler,power,royalty,hero
0,albanian,90.0,20.0,80.0,70.0,61.46095717884131,14.50892857142857,0.5949005400760793,0.5794329913084502,0.9926269579770411,0.7558353017243429,0.1912540489901435,0.7832554438072391,0.5356935600835083,0.3059872450016009,-1.0161270753767562,2.068202332657718,1.2112046564846102,-0.22372330639153723,1.223248667200062,1.1107054813264017,-0.8124528613054386,0.513046102798401,-1.5415608992140808,-0.3503027681442757,-1.1492135513655741,-1.2229967996706197,1.7366756835413246,-0.8036170469806613,2.001211856963452,2.4081390544071004,-0.8305115070647808,1.4853052731946397,-2.1471798387656262,-2.277354848223847,-1.0233371153463964,-0.7522244014086719,-0.5803486720187754,-0.48958071672238135,-1.1346704778875267,-0.7955644100171703,-0.005753343600797389,1.148159006027147,-1.1976628300771783,-0.7992343076476505,-0.8089624956282327,-0.2720044253100135,-0.6818460278974213,-1.4289217898196516,-1.22714573831689,-0.15318561068567185,-1.5809542350926846,-0.32334418506560436,-1.0608780367943282,-0.3285740470540149,-0.3060305149782678,0.6410464470996452,0.7173114376794617,0.8279597619247104,-1.1897250870074387,1.9515395301874663,-1.5129217072497674,1.3534534141594334,-1.633166856790858,1.68193678458591,0.6871219558594914,-0.8815840238472149,0.14546756718460369,0.049681299207168586,-1.6082890978049402,-0.8479854102356303,0.8148873479110647,1.4655027637400704,-0.30122111361360016
1,arabic,79.375,33.625,53.125,70.75,20.053211586901767,29.13839285714285,0.5922226210439089,1.1407419634406832,0.6246571911722378,2.2559400339510614,0.3168301860450564,1.3005688854740032,-0.5839487263508876,-1.2597754008750175,1.4571546025472149,-0.5488725222968682,-0.7873897928642892,0.36782586904404585,-1.5106982204990476,0.2730004361276176,0.3365116726744257,-1.4397260043004623,1.0091278155906773,-0.8714017019419482,0.3385398964757821,-0.012239925966241358,-0.9805071310100374,-0.570201569643495,-0.37796516634647903,-0.7357494901670004,0.2158786633339105,-0.6602069611256256,0.6429693483507165,0.6464885835901195,0.34974644982222464,0.3979906371666506,0.407484112305156,0.5535296351919874,-0.21552913735628176,1.7918888418218677,0.9887864412520827,0.4509808287386872,0.5598991812327355,-0.4117185486575549,0.9609098590564914,-0.9601645859022176,-0.33849490452909664,-1.7194760537450962,-1.729160134997746,-0.6892463668662638,-1.0829199799807858,-1.6394394878905838,-1.1592776743358026,0.4482839829067685,-0.47908685039321525,-1.4051531891559466,-1.7146369206913359,-1.1549148477878366,-1.150123842604682,-0.9238206162009674,1.0440669694678975,0.6254157663138015,-0.47520094763449,-0.962595195831992,1.2348117073233427,-0.10726795323187766,0.23317492254178945,-0.624412960378567,-0.6822718284107259,-0.501280764107097,0.5503661344315075,0.6536254337846795,-0.45161570664695977
2,armenian,85.0,22.0,50.0,88.0,60.95717884130982,25.0,0.578773702980061,0.3090645590428126,0.41111526505184115,0.9484049425359514,0.4907936909556563,0.8593271358007266,-0.3065769261873371,-0.28678583969420995,-0.23422944061925627,1.5550249049106064,0.02449190394688127,0.03311165837980669,-0.7949096647883424,0.7472468990973682,0.5623379037143036,-2.821814189218524,-0.4610845939861672,-1.34723177517549,-1.3352791737410064,-0.6563973727927052,0.7148294538328113,-0.1546646527207007,1.0785545327941353,0.8092615677259698,0.12065572481125436,1.291795587925684,-0.11492528126370923,-0.22709215861256632,-0.0342504458008886,-0.360970200508871,1.6586436703705225,-0.8976843502209683,-1.3534662377740505,0.002236618546988091,-0.17893150222589335,-0.9359882496659342,-0.3016562756710899,-0.7597221528711602,-0.2780095196219555,-0.5120061721649909,-1.4341835922947344,-1.3386095401422213,-2.2716892208467354,0.34477701398459615,-1.2963225246392036,0.8465909198207369,-0.2055602098531735,0.594055008056703,0.9528058294566079,0.8516851217241658,-1.1942716101866468,0.9826621097252134,-1.5524942505490569,-1.2325769636317787,0.25888012026775126,1.009162591932836,-0.8525665376185935,-0.3289340641775464,-0.2701439665343344,-0.12306445990168435,0.47786059953691556,-0.7299243970710921,-0.8508131730394619,-1.4038467452571186,0.5666704501301736,0.623198243538763,0.09132520413287334
3,bulgarian,70.0,30.0,40.0,85.0,69.0176322418136,15.848214285714283,0.5902872721324876,1.2233483543519341,1.1804117027007444,1.225373748439694,0.45673589238112017,1.7208357463448143,-0.5330460986354282,1.8158868940204171,0.23501440201642812,-0.5058749771663611,0.24963141710680517,-0.8580985418209035,-0.18561293864701217,1.3185866774511572,-0.518825473329082,-0.3611128435847969,-0.7847549296292675,0.019792713110784777,-0.38555111336054737,1.1820229992533247,0.45394982240661874,0.07154971285553116,1.386082641911541,1.3396994436515621,-0.5306841699588032,1.6104402446247021,-1.0679860600139879,-0.35082933445055353,-1.445921138205759,-0.8819781594731477,-1.5135396692199876,-1.1338247628687539,-0.3137719657233584,0.18890492409468934,0.6728216718370755,-1.000569833004519,0.3098430329825835,0.0674484926968548,-2.033876950969782,-0.13680790695930253,0.0418369729591405,1.2723737703696818,0.6090371102211742,0.5587753348293896,-0.29440814598195997,2.258148001007567,1.226320691373316,-0.833570146710585,-0.46256491456200294,2.656550338034783,-0.12624006006757402,0.3265734728762281,-0.3748769682101449,0.18185033122053934,0.9491122769829811,-0.35246491507228983,-0.5927099419821792,-0.01847167032968206,-1.0470441256806755,0.5972800344923023,-0.05524309168136199,-1.1047830263626823,-0.22030868325901765,0.2860719952217518,0.014524968186724897,0.3458982262055354,-0.3285910602553399
4,chinese,58.0,17.0,45.0,69.0,92.94710327455918,49.10714285714285,0.5772079105583723,-1.3143583536429255,-1.1961627137999504,-0.902250375270254,0.2723545423885217,-0.9383513002740838,-0.7934317596888677,-0.18395674728201458,-0.4399097905041672,0.5434308675993709,-0.8391891383391469,0.3967949515636372,-0.7247825469104,-0.15824168974325273,-0.8780781146579599,-0.2585810588507496,1.173534932510338,-0.7575423443473646,-0.6060388835770082,-0.5953057809845881,0.7473720059223641,-0.6610254793442918,-0.9519245898084152,-0.14264947177888038,0.13405019970337584,-0.35536798486682203,-0.24759939007123333,-0.2218383340427264,-0.2231037552548005,0.5268113885269674,-0.15189108457301567,-0.4790236204299463,-0.6907492566374593,-0.34175225660721914,0.7013794792969342,-0.8904027294961888,-0.4500342560974239,-0.3974219413508936,0.3333959078718011,-0.09133409193050308,-1.6473963830611873,-0.9635978003328488,0.35372827056090156,-1.29962296909393,-0.3815211687339946,-0.6002406096277648,-0.4402116355673612,0.7640272733032246,-0.791452571877867,-0.6594081346382185,0.019125722033957335,-0.5446721257876859,0.5299874140867777,-0.117876982093395,2.3888572627898608,-0.775198333994736,0.5746021438300124,0.23774809806529337,-0.21635281124694974,1.5828475576845622,-0.1176662351595276,-0.6976365894632006,-0.8394773327266508,0.3107042427822114,-0.836846668246243,-0.6774142982713245,-0.26869461485329693
5,croatian,73.0,33.0,40.0,80.0,58.43828715365239,33.25892857142857,0.591677421566298,0.32759284842978253,0.5233443673367568,-0.24387330116713027,0.11068515169036752,0.6345132093686129,0.603562489946714,0.09980229390276768,-0.47603964107235075,-0.7571029450668373,0.680723133930676,0.028806173076529114,0.26600215801862226,0.4162886326225481,1.2137160470257953,0.7773475114947891,-0.37776631524376714,0.9257868625071913,0.5548865300364011,-0.8660644458566101,-0.14415139875559757,0.5481563798598528,0.5076377670018296,1.013892732224979,-1.1890998562795592,-0.8630804315549235,-0.6063328346392586,-0.6221344058928893,-0.2581639100026336,-0.19288750502300356,0.5551709810164849,-0.7948416097405949,0.5397240135886897,-1.241179494154752,0.35965108880978836,0.44706745137341886,-1.200311537639076,1.2483224779468494,-0.7775612268723819,0.5911192524742878,0.7707263409898443,1.1670365143988788,0.11248903378301081,0.5510889799915397,2.0022287214054737,0.7060635326038402,1.6175047178837583,-1.2722805667836357,-0.2999764241624544,-0.10907613020709311,0.16874022987201506,1.0215201526541446,0.5047704268710428,-1.0112371664684356,-1.053920901120954,-0.8101015116370763,-0.8003972211351476,-1.3663164856758734,-1.1804652439603804,-0.5248669726369857,-0.44674916124227665,-0.4752921913954171,0.21716610817191703,0.38677224662352994,-0.6223795460239333,-0.0997705753246905,-0.04508049351149371
6,danish,18.0,74.0,16.0,23.0,34.76070528967254,69.64285714285714,0.6019217239617106,-0.478956553619956,-1.1495582747617137,-0.4081580607436959,1.8931278874010398,-1.1961096406620544,-1.4454941614633727,0.5814388359465095,1.6956733043639463,0.2273735021126199,0.8033232764561,1.7420229276990906,0.3627967045883448,0.5344857126670045,0.5461248144276393,1.1848002181770814,-0.09786756868347143,-0.16411082819774747,0.3174271794443407,1.3437836378739576,0.0388539668770728,-0.21026926805736285,-1.334350065975138,-1.120526992089744,-0.7202251574669227,-0.7062507421208161,-0.1437323708882497,0.7700479681191863,-1.2216227538764148,-0.7078612448639551,-1.250519444444341,-1.2429029350637304,0.8636167814674561,0.49693324313217313,-0.4990271503339758,0.7703643419632267,0.38022949962159974,1.192007658989453,-0.7384470774685236,-0.07566820013498175,0.7547416721966892,1.0081479956631783,1.3058367483980178,0.6293830515479676,-0.014171211400879158,-0.9841844354963116,-0.29900561894508787,-0.7743888332267183,0.2365194831817295,-0.8415361515455089,-0.5635195480511868,-1.264580885916569,0.9569856808944877,-0.9745080562167352,0.9919979271820571,-0.8365575312920469,2.796609975860307,0.8455006280050923,-0.043930174055943426,-0.36589124541911167,-0.6246636021972402,1.3394419001448625,0.7002268763626501,2.289790040301613,-0.7957192819921635,-0.9659770149138344,-0.32826571244030434
7,dutch,51.5,77.5,34.0,73.5,74.43324937027708,62.50000000000001,0.5609329152040299,-3.2391454420669916,-3.4438107604172665,-2.954091576501758,-1.0822457823795681,-3.0342562884941726,-2.824960614991029,2.399309797288725,0.20564171056615418,0.2605694571708347,-1.8991267327027295,-0.538363682844121,-0.21252037736801513,-2.290885199325041,-2.2080683756869397,0.10027643566654598,1.9217164193214218,0.09919569246522407,-1.2588646356478919,1.36712060851556,0.06997032626613463,0.19037990329717594,-2.497865136407954,-0.5919689311650683,1.1005237997341317,0.386227588435863,0.4589606929791848,1.3279924483337897,-0.7947855225959135,-0.7371239813988391,0.07746471594725336,-1.4576882077387514,0.29961016076035346,-0.5738555145996821,2.5797024883508315,-0.8006847316394666,2.710959766489351,0.6784675209482642,0.5397528055118361,-0.5283216703017241,0.6161103074408781,-0.11388018015719957,0.8141890405507167,-2.354451565334595,1.5230100882952364,0.7531795030069645,0.7252223916502216,-1.0184692369334873,0.3966117056239498,0.7074637386413866,0.33472411884526826,-1.7919778045675734,1.893712889872634,0.1970996422524293,0.4500658400308107,-0.833546508346488,1.457455855450881,-0.003210713893800087,1.5683942351106845,0.004321111644574133,-0.9688897165891824,-1.3057495933719825,-1.20854714383441,2.530741492009589,-1.594558401133289,-1.7358244431091747,-0.006729054656272756
8,english,47.66666666666666,56.0,55.888888888888886,49.22222222222222,24.95689896445564,69.67162698412697,0.571910473086864,-0.1777080928457637,-0.030564166785972423,0.48695495611025685,-1.2891291508744531,-0.0318527174913551,0.07611902663854021,-0.5925677804964415,-0.40058143706945865,-0.9857219001359344,-0.4814656801022671,-1.22771580834784,0.20973441833245962,-0.9968547320906315,-0.6556297938997102,0.40999235235150183,-0.39141796099567755,1.0831498222854117,-0.7546991950642103,0.14283055780878107,-0.6936461974428636,0.2861913465104315,-0.2955786643864291,-0.8377886780606637,-0.30119559168525106,0.7771489470992846,-0.3951547555443638,0.05009614208451223,-0.7334280970590027,-0.2137822942692988,-0.9210409137040565,-0.8425266621531554,0.2816095804660846,-1.3074208456785488,-1.0134369657991968,-0.2345142479190273,0.027966222749726374,0.3542965746071982,-0.1469077336731063,0.8293020459314817,-0.5242818413577957,1.412978995291957,0.3091884482274799,1.268578425848318,0.8809879668083384,1.0014380559769511,1.118186259910216,-0.8692042286005276,0.14762986794435173,0.6762701425868082,0.4680783234697948,0.25300455982008846,0.822982022378317,-0.23880441872415115,-0.31331509016396225,-0.8519014809477062,0.42574506952623375,1.7261275972204344,-0.26720043833196266,-0.8536591598277345,-0.45826381885969447,1.0203839004941488,1.4141492777922942,0.3495912738654663,-1.1661152846677922,-1.205888157079079,-0.3418288428806183
9,estonian,40.0,60.0,30.0,60.0,82.11586901763224,16.294642857142854,0.597496180031888,-0.19708253464562664,-0.2561491870643708,-0.8558449549462017,-1.1835734824882647,0.5410677870267151,0.18332321989284783,-0.3202909139748831,0.13373648468990487,-0.7841482562840342,0.9887280590456585,1.375929671078877,0.3197451838376021,0.6006258164022658,1.0822839780741853,-0.4148735412427069,0.8316863815174796,-0.06658883747481249,2.2832107665114116,1.6922005678530814,-0.5884515690448076,-0.2025376191559012,-0.49203821962571315,-1.4218646597625535,0.7432108763196033,0.5445404961514076,0.26530627212108476,0.5647920636944671,-0.22982010428376176,0.1045353826018195,-0.6272882630703677,-0.05295169152225887,1.3493560697873632,2.358853519997448,-0.6061101171114486,2.15833072219672,1.7252842694665076,1.5671284370465677,0.7602228862132903,-0.7515385126889568,1.808312234110531,0.8683000189258597,1.351239890634115,-0.3449459593076195,1.5619285838720016,0.5455140404548319,0.5669358355485851,0.3488426843930606,-0.9035960285181914,0.29418109855486263,0.7322989001672949,-0.698103099444324,0.16133488081672648,1.7716044438437615,1.1519524575825961,0.7112664109614745,0.40259469902783973,-1.0292536469364943,0.22456722113835018,-1.217079669076723,-0.5580392725731103,-0.3888177738024638,-0.7018126986523567,0.8992777621427167,-0.5480758431709908,-0.8354600874903193,-0.4249386159825972
10,finnish,33.0,63.0,26.0,59.0,38.28715365239295,57.36607142857142,0.569391882765765,0.1305537866350494,0.35108904265003993,1.1265311111595615,1.7235289107040417,0.7307981712395981,-0.64041368069462,-0.22582576611266497,-0.5603602036847037,-1.031574094809629,0.05276619004204613,-0.42106850110073346,-0.26960026322616637,0.7328614831987956,-0.16139338347568186,1.7020215056585046,-1.2609723535685777,-0.48812779701133746,-0.3756666662444896,-0.4641633368238045,0.42965376817212364,-0.437967397913116,-0.28777713731105664,0.28585119101772405,0.43507429195497144,-1.2534710383773693,1.0504460626662508,0.9449722462825825,0.6886777724656071,-0.09417430364500316,-0.03095700321246146,0.8902009285705451,-0.7401873170927371,-0.056356813514432356,-1.2781025835184125,0.4662347422338749,-0.29882584224642483,-0.430079251335728,0.31530514913315555,-0.38179695517212714,-0.1871242545905005,1.1520850803284604,0.874960331268478,1.2047910112999982,-0.3628294823451894,0.26863298105377476,0.2954805933096297,-0.5578915324723454,-0.9922710087993043,0.6361221049656375,-0.1308434717522037,-0.940606233785753,0.13039676987557722,0.5830670555721531,-1.17202329374427,0.260812215545857,0.7928737655546283,1.285304256309182,-1.1459321504888251,-0.5725625550020498,-1.2090950612403186,3.3831319933231985,2.587916763384267,1.0552119033011338,-0.4976111053045865,-0.34438182827528646,-0.16322231216703173
11,french,69.0,43.0,46.5,70.5,45.23803526448363,32.92410714285712,0.5480984452515166,-0.6173089914253991,-0.7385743775483872,0.35354854373231404,1.803534489000495,-0.4051225059547649,-1.3793968023472059,-0.05324706721253967,0.25311810125699874,-1.3973011724679787,-1.590504054528927,-0.62856518825455,-2.65151840099249,0.0925607521511321,0.7922902601136405,-0.8913075345593428,-0.8756627001301488,-1.451011780129183,0.9305719615060549,2.069523360428815,-0.7330863154739057,1.388702698059491,-1.423496631979267,-1.2614727097565988,1.7586711611886492,-1.1999413655381546,2.6021262725011622,1.9715978790080892,2.1514461730901546,1.2156199726460697,1.7365787277265339,1.4110389761862587,0.23449587793951968,0.9670022506359397,1.4721529906760336,0.8313772081145268,1.891792614001682,2.061488516632957,1.3306594164689287,-1.6104767886816016,0.6004419960863929,-1.476036541516592,-1.183404016507951,-1.0223260501831102,-1.044921220332269,-0.2218789213137983,-0.275435965395206,1.0194479907187255,1.1136643439425524,-0.3513162574534351,-2.889253154011396,-1.7985599980136584,-1.3881663830325595,-2.3788124827735917,0.8020215409325485,1.0852402565203298,0.09797241634062513,-1.580880956425127,0.5448132509606157,-0.0236186427629491,-0.06975358256898424,-0.1738132245703726,1.5016915557892832,-0.4864180841082162,-0.2886893837980473,-0.025308213635373927,-0.03377848211505697
12,german,26.666666666666668,63.33333333333334,71.66666666666667,64.33333333333333,72.29219143576826,56.398809523809526,0.6018665014513267,0.26066621012440255,0.06886247506208508,0.083799069913306,0.048957016063806875,0.19407247794895685,0.002462432888535141,-0.11317652820486056,0.5250886693184998,-0.7828652493677783,1.0423520456264095,0.8997424844766408,1.1927123646700957,0.1413435829063735,0.48707108694433837,0.7738633505800243,-0.5658851725274059,1.2414915604825518,1.186513037875795,0.001659268959594198,1.0977489601286539,0.882365929816003,-0.10245318769091284,-0.3387232838156294,-0.18647789316245314,0.13495315235446428,-0.21567085831743296,-0.35631173618319123,0.036798816850852144,-0.06320422457823531,-0.35999519375700223,0.27392578439670073,1.026898069558461,-0.3235492460143022,0.019870986658092758,0.5931486343958899,0.14178551470970896,-0.42581536962223243,-0.4122949060554495,0.8303246774084069,1.034658319320079,0.3668872349249975,0.14604879663649126,0.6103377132406058,-0.2345691382137132,0.44434599447680034,0.025068524834311445,0.2751795578987418,0.21295912518889212,0.6822793777764791,0.8284979552237896,0.23099931588281877,0.68453807030387,0.40210534210070925,-0.3727884157093794,-0.5774206897735352,0.2902673798918345,0.7019198680397296,0.15920406938910786,0.40708377216605335,-0.25624271558273537,0.9140889123583542,0.1513270161299554,-0.30520061112501917,-0.7286594479961903,-0.43340949048186134,-0.35559564461891324
13,greek,60.0,35.0,57.0,112.0,45.34005037783375,49.55357142857142,0.5966056041017517,0.17141707329525793,0.11421520210518263,0.14978874148879198,0.7414560250979102,0.8689482211765143,-0.5620287990478761,0.3612659920647669,0.16604367425023642,0.015342178909280869,-0.4044685522677435,-0.366369608714939,-0.5463864569522897,0.03640980208407343,-0.4747631698259751,-0.018547003363367856,1.5267190649934188,-0.05368043894694046,-0.01897136884121663,0.4949849589953237,-0.6465696799175906,2.9545432434496512,-0.551214847365895,-1.5643308267952933,3.0293339294654045,-0.9455959822031151,1.1582174609991256,0.12764629484371617,1.8822948578417316,0.462132135746431,2.8358042953546394,1.1924057110209638,0.4342437537435829,-0.7300638280118884,1.6601630977500939,-0.004291224361567491,-0.1644361313596605,-0.34178524902651786,1.43228965040094,0.14854181923371762,0.6250215960630021,0.11210175793650631,-0.28192733938384673,0.40300082016107186,-0.2661833874479836,0.39373332639262004,0.003985137092106864,1.3123448808245812,1.0236840230054598,0.3367534967122078,-0.567443430219485,-0.15810761589228434,0.08004138884427917,-0.9729126753651346,0.554050919654566,0.20438434681380063,0.06305728440305267,-1.8532316073619692,-0.7029012276611843,-1.0359745363294464,0.4730287378197777,0.3201910016992096,0.5610883535420085,0.12871013563728176,-1.5411985631228113,-1.7317329598985374,-0.020290581679313316
14,icelandic,30.0,60.0,10.0,50.0,27.95969773299748,66.74107142857142,0.6111039286748616,0.6844864974547017,0.2794550961946336,-0.8189450017855323,-1.1445298857528745,-0.6721809619980899,1.134480118432447,0.6518721471436209,1.1223436773224245,-1.613505025718835,1.4005035829768053,1.52891357852972,1.3960836311039666,-0.04502977473781257,1.1890740883897786,0.9982451310066034,0.7611801449730593,0.66438993993449,0.8769816812437577,1.201246727062598,-0.11065941208920227,-0.7874211142199747,0.5921794905793965,0.09641136130068237,-0.45466769425865633,-0.2246335813318313,0.22110605390768845,0.1171770811752481,0.27638830001692755,0.0035770543507127493,0.5486503640780587,-0.302450981899343,1.9215558334138432,0.6792979532507193,-0.44488888359455964,1.602750800101279,1.188630296253494,1.7432866216194325,0.1687541613795103,0.3953695506033335,0.48643320306203086,-0.06840139966153434,0.08784293138651593,0.3549686773681441,-0.2049832309305413,-1.859100667507745,-1.2342227588883254,-0.4899417733610634,-0.844646406755658,-1.0779197358337844,0.27274732127516577,-0.4323679993646484,-5.082901876282831e-06,0.8122853499416703,-0.3647718703606002,2.4059689558037394,-1.0228591581042703,0.1728817169923353,-1.3832239185862067,-1.69595240981332,0.524478607118441,0.26867866423220865,-0.29820335172272494,-0.5675645897547605,1.2761712435496584,1.5042065244397307,-0.2500497353858556
15,italian,50.0,76.0,70.0,75.0,61.460957178841305,29.6875,0.5917976233488647,0.7811995431058394,0.23500051078088185,0.5203085008597601,0.17970113532964105,0.6863720958571821,0.03574082158752845,-0.8491895189499421,1.4992162196848,-0.025084040730674835,1.008298984941295,0.6592600542087619,0.11850552848944354,1.5628584093827667,0.5087488870510121,-0.4751889425777642,-0.9364039832466452,0.0758188012602202,-0.09810719391909248,-0.4424551568455085,0.24694440001530224,2.0639169017751735,0.6418918320059614,0.30469127035256793,-0.3522267530741179,-0.4988087322263666,-0.25799309065860443,-0.132750335558597,-0.2923002875466773,-0.944253139255011,-0.10618342289934397,0.26986586112805777,0.06453484940431048,0.15661946097998486,0.8177474942902258,0.289362851156737,-0.6623607577126627,-0.20059835648887822,-0.3599795487611479,0.011140724530360616,-0.4798631368289757,-0.03656386842555413,-1.041022855431499,1.097834437688726,-1.0183104282564197,0.4501979705822635,0.45560983402000105,-0.21542069969660652,1.4838613058891204,0.3109547589291184,-0.8595005073174778,0.6002132126163817,-1.4836699771873472,-0.1925939951867493,0.030223580425522957,0.9587756033411882,-0.6384656803522409,0.2318894748151645,1.0323498183742796,0.8141757688451721,0.39500203065628353,0.332306169786626,-0.16315933804269506,0.7925657153761394,1.0377799973971609,1.4597676471862067,-0.4248825120051537
16,japanese,54.0,46.0,95.0,92.0,87.9093198992443,41.7410714285714,0.5659029221082812,-0.8354302237501944,-0.48745306914132197,-0.4882544610798517,-1.2519519754451245,-1.1247973669567484,0.35363657125927267,-0.2760665969319556,-0.9891883656013204,0.2639016977921269,-1.3888005855445877,-0.7564125756268316,-1.035708813261788,-0.6157197613260075,-1.0627418797324442,-1.0706492935829957,0.3989319041195355,-0.5105885253009581,-0.42730645214252577,0.07553934228277204,-1.24813562080421,-0.7828823627131517,-0.45236485003889404,-0.44629076590939504,0.18049090251007638,0.689623234095112,1.4122296812180435,1.8341327965046441,0.213566183227766,0.0598736456373839,-0.5147557067488073,0.8117166008053692,-0.9463602700980325,-0.306937848407038,-0.26963816589066564,-1.0355152016726688,-0.21498094273746554,0.4333803246585712,1.5923321468228369,-0.24278754179409068,-1.6703387921892738,1.394219548396081,1.0646330464074993,0.06275827491143017,1.0862431792301896,0.3460344275432671,0.7920195231052625,0.5960262695670664,0.7647813427535353,-1.0059158175318599,-0.6015938141683499,-0.7846291229040315,-0.20713310807920096,-0.16074497969211202,-0.09085322693401843,-1.0814069153101726,1.3320657935355036,-0.36587463223709077,-0.32044753983570756,0.7744766252244225,-0.11383208101780984,0.4802602996037415,-0.9314091697069399,0.7309476325227915,-0.9320940706900201,-1.1775343621715382,0.028820816672646278
17,lithuanian,42.0,60.0,19.0,65.0,81.86397984886649,15.624999999999998,0.6273049645390071,1.4748356932025046,2.039705189069727,-0.3495635821160372,0.6043912764087582,-0.603360639584983,2.4569934749294955,2.6465324705636606,-1.3202889457408575,1.010541624955316,-0.16865302631058993,-0.8171596226041298,1.0040478136317752,-2.2637742206584845,2.262187892844196,1.0660638102718294,0.010257773597584523,2.1615912731170472,-1.9680520139594955,-2.4127578017560074,2.6898894017741615,-1.025970892614246,1.3097122567249009,1.2400355707571538,-1.0624068962844235,-2.4764638451085035,-1.9319474230509068,-2.1813342676649436,-0.655253326029146,0.8955110757805583,0.8566180491753598,-1.469345479763894,1.64398735265948,0.09539700553436131,-2.2301862236288224,-0.6046233394558373,-0.9077077026586177,-2.4888716943533895,-2.240421849445222,3.34349425209443,0.2778958439798054,0.37368305238002214,-0.36254785466092104,0.7376186056132443,1.7925405753456287,-2.469592818085102,-3.0148550394097104,3.040989464082677,-2.011967301424352,-1.5272351289319555,1.1440977687135825,2.4261931354465114,-0.20017384745328845,-0.5405343124121469,-2.3446752800104864,-0.4924191885158218,-1.3002370721553071,-1.438455844259183,-1.8082653637545822,-1.0449184350425462,4.239302311902361,-1.4305413385164807,0.5869061322130511,-1.2234971713172287,3.106716316714648,0.39374430450086834,4.905292729570818
18,polish,68.0,60.0,64.0,93.0,37.78337531486146,29.241071428571427,0.5643997375905486,-1.333814259716313,-0.6876006169146883,-1.003824143418247,-1.5783758116119364,-0.7884437241953964,0.7449809047116979,-1.4949934098696585,-1.815035875607561,1.4578132540118325,-2.061906322285041,-1.6436614476842402,-0.7050412685093965,-2.2236485950336062,-1.379421868954966,-1.200643774453179,1.4526087233471405,-0.9732868401313399,-1.404204554846578,-0.3353498961460862,-0.8387950654262144,-0.6416297780130281,-1.0256168033634663,-0.7886957559978481,0.000787963760039837,-0.5699294787794378,0.8696510587994865,-0.7361180650445268,2.400797925969388,3.508284386257215,1.3118755273602005,1.6519586588594461,-1.6014518898110754,-1.2200009284990794,-0.7386753921426983,-1.32752988935464,-1.0591106516420064,-0.46518311012747887,1.0641705751198103,-0.07067617164617691,-1.748606812896203,0.348364292032028,1.8796968295316165,-1.188453464948807,1.1508996905275728,0.3051169786956756,1.5023934739589464,0.5526033949916945,-0.08630979176828524,-1.4006011126970133,1.351808460633354,0.22381516796388162,2.436878007900279,-0.5217007021313979,-0.9107784031674572,-0.5308312994614074,0.35639995976219624,0.22552162924802935,-0.8519448889235937,0.735281434324475,1.3286511876015727,-0.8135123053582907,-0.4325069558656594,-0.345329393220024,0.3534559711942541,-0.1140770679217414,0.3330317399406475
19,portuguese,75.0,23.6,30.6,64.8,22.008060453400503,67.68214285714285,0.57852408346509,0.18733020078787396,0.01463153569786797,0.14215409744942786,-0.3446031078910315,0.16009119147703577,0.25405088612503207,-0.8697956258031517,0.46800934557534635,0.05964135371580375,0.21067604789022268,1.395930176322501,0.03391390764353717,0.03035125170843072,0.17258149723328067,-0.1630297381296104,0.3308886097840931,-2.03591939402692,0.14951041256101674,0.09568040800860318,-1.470180817242682,-0.15872989893005576,0.28293848937387783,0.17064325274669817,-0.024381152912380372,0.27095001631380583,0.5706176211827272,0.8309024923864038,0.019985690106393963,-0.06499516162288431,-0.17708341431469066,0.30393853566410417,-2.0478243844114665,-0.032449341770817416,0.14274238486685978,-0.108241321130586,0.1423064748291723,0.36138520693551596,1.3921247344042154,-1.9866737819844815,-0.8207096094151611,-0.4520387970043612,-0.12419852006883213,-0.04769364981016094,-0.8587389875739553,-0.517155170169537,-0.8697922197988992,-0.36723271717965167,2.8666472710635205,-0.7996329959539478,-1.4390161180426513,-1.0712821834308166,-0.7947835932463454,-0.8915364863439748,0.41653183651958936,1.1800844528493872,-1.101050670339669,0.9094325200279664,0.8124861434849084,0.8218025233717676,-0.14590536999033774,-0.38775651674962314,-1.2477514351175996,-0.4982958844136664,1.076073538662442,1.6621398573438841,0.028031885326393606
20,romanian,90.0,30.0,42.0,90.0,51.88916876574307,19.866071428571427,0.5933542019406606,0.691085882006391,0.2957110421863905,0.34597027938604963,-0.15131803742284974,0.1412314037582775,0.05214803649160165,0.3501532877347915,1.097896243767246,-0.7530453935239888,0.7264930001388096,0.7783850105268649,0.5856586038455992,0.37011879850203216,0.36881102150925515,0.5030307131802935,-0.6027909676130815,0.2785916661863387,1.5806584768753618,0.0041646974836896345,0.297485895448366,-0.3256907979501952,0.24372030266964856,0.0511736187929132,-0.6619828956562483,1.082481264284692,0.02330014307080936,-0.1083441463979141,0.1921224939215253,-0.22929807940249222,-0.1974460537488701,0.5999140522372285,0.52581954455364,1.0941025034999239,0.021351327847616907,1.0088123426715507,0.8013553827727502,0.06812453409860669,0.3219917409764478,-0.5793969979744908,1.6056744374271084,-0.2416186863879272,-0.35586558347259817,-0.7581459025476247,0.7403676782047659,0.6253568732088238,0.8592963485424022,-0.7303786613701093,-0.4929625117767429,0.42119172932042126,0.1268359988240681,-0.05058038531941819,-0.7152348338513307,1.2285301696669608,0.037779199536213885,-1.3649684190349292,-0.8710164159510351,-0.35104771882142205,-0.8228559434401859,-0.697552921826806,-0.5796387251801893,-0.6587159954896908,0.14298344449576056,0.5293727718345518,0.3248389734721015,0.49578098599837767,-0.0798096003199932
21,russian,93.0,39.0,36.0,95.0,81.360201511335,19.866071428571427,0.5698484131181584,-0.5636194911967719,-0.04515396659913296,0.28399145579239343,0.5628976146327755,0.6190849877625397,-0.6552731497293911,0.13430277921515715,-1.4051532801271691,-0.09959586908263197,-0.5381414658156966,-1.1216984314432827,-0.4359706233628661,-0.032535192895838796,-0.7113933754023131,-0.26623747582632656,-0.558685949702874,0.4166115546630566,-0.17609911270976492,-0.5411893721060343,-0.5395838407434141,-0.47144858625053604,-0.003796025932791633,0.23131370870987228,1.2191132950024388,-0.4265835083829232,0.2260049088389539,0.34920978076069265,-0.026042813635104238,-0.4619399211700901,-0.5848010980424665,-0.049974207624148705,0.34036858390524,-0.8949519747731144,-0.8467209363032498,-1.074341301475016,-0.42375481734090975,-0.31286320224158476,-0.3821407181954913,1.0261933865923307,-0.3399188701164362,0.7830496843358229,0.24185134265077868,0.7374096156087121,0.1941376095208475,0.099234890341568,-0.17547532942130162,-1.0131042024334664,-0.23152570909590256,0.6749172457622217,0.6465564480311674,0.7669492642076752,0.6988635263858094,-0.20868452073365892,-0.2622457472129839,-0.9224977668186625,0.938353995171031,0.3229774797991464,0.7328108986634769,0.16713466285936104,-0.2885030775698938,0.020605138206735884,1.2267588058877505,0.3677279341907177,0.1558491431565902,0.40656706216276717,-0.09270791657593361
22,serbian,87.0,24.5,45.5,91.0,63.727959697733,23.99553571428571,0.6131144169908846,1.2594943881045764,0.7341836878741799,-0.2560037900612714,0.11883574480801493,0.24255361751472207,1.2302638613983365,-0.20615184848294052,1.4931216682322614,-0.05748850726213851,0.7586618740820394,0.45426523463399565,0.37478743290716326,0.45958409133064065,0.767974454382664,-0.040049119930714014,0.7877796962141006,0.4143795977912824,-0.45923970739210535,-0.13559147150039555,0.4391422435953707,-0.7531274577077817,1.0895575242233195,1.2106603294144813,-0.782971481119488,0.04876637784607301,-1.488996095109565,-0.8030974329860484,-1.6043897495147021,-1.2544844128502899,-1.1084041827904565,-1.428968250886264,0.10262741209593197,0.756911846666742,0.25712891651132797,-0.2810075640310043,-0.3421833346461028,-0.8342147144649484,-1.1807794564051792,0.08311557703793579,0.465695986188586,-1.2600900704360665,0.15787220352756978,-0.7781289445379133,-0.7537323899273833,0.3890025811800629,0.4816266132890507,0.15690985547849287,-0.5304066426905293,0.0667291558222747,0.13456581661580197,1.1593194020513984,-0.6947309481752671,0.1765588181584473,0.938055325027138,1.5107858335665458,0.580244635929024,-1.0389237005788738,1.866075565452053,2.7673727790326828,-0.8651361050691322,-0.7466968998597451,-1.3711331682675052,-0.6016938695600296,0.3320886783071266,0.9303763261828747,-0.500145638412017
23,spanish,66.88888888888889,23.0,50.0,86.22222222222223,21.701651273439687,72.73115079365078,0.597914836243835,0.4968179863580484,0.21303412626828352,0.17738437946075925,-1.2734659552620997,0.23779266194049392,0.8695141231237331,-1.4884244789447678,0.7881040780654948,-0.43943151430582167,0.7200713549668761,1.114600951174211,0.050375229257596035,1.0274787110302963,0.7430858627490227,0.08761519864223215,0.478737203389363,-0.19876493257734243,0.971918935651033,0.24102453164376658,-1.4393500794646912,-0.22761016836539225,-0.0800150771491371,-0.49530425838955205,-1.1471687759625333,0.06606777334754899,0.1646969817522687,-0.22413999938703724,0.5639159943849976,-0.4981819276157134,-0.5502972267053008,2.2328742189170425,0.1558587196932646,0.5615600678506346,-1.135953308857421,0.9963509496822833,0.3588314889853002,0.5697557820675329,0.19614975883346195,-0.2945200630201505,0.3527186796651389,0.10220462774604432,1.2584389061592436,-0.5144352659494504,-0.026155733699672803,0.16585644263821472,0.5599508033012272,1.4859644498826008,-0.4404045535445007,-0.9393225044984234,0.6043940423565466,0.05551326080367609,0.9535900892065081,-0.07933906274244562,-0.11089566479524275,-0.5500554766931577,-0.4313250142016181,1.5586668256365623,0.3408883918333021,-1.230173001877851,-0.5168032708936643,0.7072992633418596,-0.07659237762518613,-0.3798318512455543,-0.03895173225415157,0.09959351388392872,-0.2661106031676639
24,swedish,31.0,71.0,5.0,29.0,52.89672544080605,77.67857142857142,0.5984728408307397,-0.9225076404632472,-0.7726863461665205,-1.2675703670179501,-1.3493868227341688,-0.9801207943660847,0.49843450671135564,-0.6465908324376844,-0.48264421545066916,0.2485187812500061,0.5519571811652866,0.3255559887387804,1.4514016755734567,-0.589716343147914,-0.5659631178098645,1.2375252488743296,0.5785324839418927,1.0094689802123593,1.188190951817035,-0.11467368818320689,0.8648634304940311,-1.0069157473722081,-0.5166333369108618,-1.2668970730076856,0.9839819870310275,-0.33749129107718195,-0.1102589051373288,-0.06699763588703699,-0.13690865517169698,-0.481680315148784,-0.5468226817663314,-0.3190810807857476,0.8852440137172629,0.10662820853596776,-0.15025782374300958,0.36791146907568545,-0.8198776049762844,-0.9394168994344476,-0.8523724337705699,0.6700889230343207,1.614977619667717,-0.6959889412454787,-0.9511261169323286,-0.2657578550107829,-0.28697211194748296,-1.4455240674819847,-0.6581314436428549,-0.6516039591617042,-1.0552205527832155,-1.0916583204291659,1.5276571626810804,0.2450505334992319,0.8257114675826355,1.4998268128102463,-0.326445952936477,0.5260773725112988,-0.3999470934784624,0.061089941820310883,0.21158757008408086,1.391877335038977,-0.4813273857674032,-0.5058806017823849,0.2741724361968816,-0.7617424356649729,0.3557051973915718,1.1188820709486393,-0.21127977673429116
25,turkish,66.0,37.0,45.0,85.0,45.59193954659949,49.10714285714285,0.5775559533331771,-0.4676652019693433,-0.29906385614594777,-0.46154412007492046,0.11396839003632053,-0.8701791341765657,0.315261598820933,-0.25659441366743857,-0.4856207348648906,2.4029326636991053,-1.123733771681893,-0.3901001262721569,-1.2362959651137435,-0.3009846065782708,-0.007486854568567753,-0.9697972639662508,-0.6729188387043992,-1.0490669682618425,0.2917035964513722,-1.2406731596663492,0.8858512912874864,-0.8346905544609088,0.0367742605660532,0.81909059878386,-0.15081745228726645,0.1414778347030027,-0.4445827516211933,-1.3917062292113864,0.9279931331023336,1.9031920356162075,0.1435221172979797,0.7362835803856342,-1.445469034035986,0.8706007674494227,-0.6176574914633192,-0.6604809863037199,-0.7658603439566162,-1.3611766025379441,0.5154783742321775,-0.702047393137764,-0.975621438077601,-1.4095193257971523,-0.2593251970286049,-1.3972064869555654,-0.6262432970538169,0.5539403858892804,-0.05485485337727728,0.021082421839164863,-0.5141165385288726,0.9351271294358199,0.017701346528636162,0.2703960968444503,-0.7739597023035814,0.5126743987784178,0.23431178998628635,-1.0755828018891846,0.8605692489235832,0.6381259701799863,-1.0695521190710051,0.2751275060566642,-0.06537853546602942,0.2246214608533826,0.22862640987031413,-1.5929441979809476,0.36232018146876444,-1.1818139374433654,-0.11167277373139468
26,ukrainian,92.0,25.0,27.0,95.0,86.0,14.0,0.574725118957057,0.4295288076943108,1.0287339432173968,1.1539385721791642,1.0195280099286994,0.9242620376568564,0.3779050860944582,-0.22311897394184838,-1.5149831759378385,-0.3316811505651184,0.8534964136424131,-2.108207888348204,1.7200322205318055,0.06288357754796164,-1.5965811984845726,1.0377302048846155,-2.133928920054599,1.9273564676515083,-0.2528198036378503,-0.8719234578717664,-1.280113522346606,1.6705942767896915,1.222828785478257,1.031399196810326,-1.5269555176420093,1.9880471523167884,-0.49327290330602436,0.164993152759759,-1.024406116477026,-1.1384884420957155,-0.9104385296159083,0.033192014056598565,-0.18007064592659133,-2.3028547099488166,0.3218415200664967,-2.17266072822086,-1.4301207153331137,-0.17699074808739038,-0.7117832495578619,1.2675310498629782,-0.20685954590258485,0.8433104219422016,-0.7796403522956752,2.2522781291377867,-0.5984074196521277,-0.09192654223480352,-0.781899962389723,-1.4936966289595683,1.2433740236096498,1.3175035935105157,0.9911775815573386,1.300212855898163,-0.15471501041677937,1.1285415261838825,-1.4122714929802085,-0.7764743815324698,-0.8498696134629079,-0.26192655421610556,1.7151490838978476,0.03538487585529532,0.004164844287148964,0.9828434109204961,1.0392625742397406,-1.1418541378192457,-0.7365488135735758,-0.6306905239001805,-0.37999158389027615
