lemma,japanese,serbian,german,french,north_american_native,brazilian,armenian,english,russian,greek,danish,canadian_native,ukrainian,indian,norwegian,welsh,scandinavian,polish,czechoslovak,scottish,celtic,portuguese,arabic,croatian,estonian,dutch,italian,nigerian,albanian,maori,nordic,irish,hungarian,south_african,slavic,australian_ethnic,chinese,tanzanian,swedish,icelandic,philippine,hawaiian,jewish,romanian,korean,turkish,finnish,belgian,spanish,cataloanian,bulgarian,bukovinian,new_zealand_native,sami,pakistani,lithuanian,zimbabwe,diff
come,0.2198124267291911,0.0,0.2359032191921263,0.15364238410596026,0.25816161148413985,0.0,0.0,0.2655483870967742,0.22415005861664714,0.27510917030567683,0.21168129642133693,0.0,0.0,0.19261969142675361,0.0,0.0,0.2189650777466225,0.0,0.20656028368794327,0.22369668246445498,0.0,0.0,0.0,0.0,0.0,0.0,0.17043561056891215,0.0,0.0,0.0,0.23556093135772604,0.28135854882284833,0.0,0.0,0.18761726078799248,0.2540983606557377,0.19343065693430658,0.0,0.0,0.0,0.2479185938945421,0.0,0.0,0.0,0.0,0.0,0.0,0.0,0.0,0.0,0.0,0.0,0.0,0.0,0.0,0.0,0.0,0.12771616471688807
take,0.13452520515826494,0.0,0.14640147631740824,0.12200147167034585,0.11785135448020376,0.0,0.0,0.13703225806451613,0.16764361078546308,0.1331877729257642,0.11580013504388927,0.0,0.0,0.13042786702719897,0.0,0.0,0.09890390007647208,0.0,0.15780141843971632,0.15734597156398103,0.0,0.0,0.0,0.0,0.0,0.0,0.1654368007617234,0.0,0.0,0.0,0.12004838221953432,0.1316094172134311,0.0,0.0,0.13846153846153847,0.09744990892531877,0.12335766423357664,0.0,0.0,0.0,0.11748381128584644,0.0,0.0,0.0,0.0,0.0,0.0,0.0,0.0,0.0,0.0,0.0,0.0,0.0,0.0,0.0,0.0,0.12771616471688807
make,0.11107854630715124,0.0,0.09298749231084683,0.129654157468727,0.13452188006482982,0.0,0.0,0.11845161290322581,0.0921453692848769,0.09638178415470992,0.09689399054692775,0.0,0.0,0.0914585652934627,0.0,0.0,0.099923527912312,0.0,0.08156028368794327,0.1014218009478673,0.0,0.0,0.0,0.0,0.0,0.0,0.11687693406331826,0.0,0.0,0.0,0.12670093740550348,0.09147047472018525,0.0,0.0,0.10168855534709194,0.13752276867030966,0.09683698296836983,0.0,0.0,0.0,0.10823311748381129,0.0,0.0,0.0,0.0,0.0,0.0,0.0,0.0,0.0,0.0,0.0,0.0,0.0,0.0,0.0,0.0,0.12771616471688807
give,0.08528722157092614,0.0,0.11841295878613901,0.10890360559234731,0.06980782588562168,0.0,0.0,0.10529032258064516,0.13716295427901523,0.10106051154086089,0.09081701553004727,0.0,0.0,0.13281374264355017,0.0,0.0,0.08768799388223299,0.0,0.13430851063829788,0.07582938388625593,0.0,0.0,0.0,0.0,0.0,0.0,0.14353725303499168,0.0,0.0,0.0,0.09464771696401572,0.10864531069085295,0.0,0.0,0.11332082551594747,0.07285974499089254,0.09927007299270073,0.0,0.0,0.0,0.09898242368177614,0.0,0.0,0.0,0.0,0.0,0.0,0.0,0.0,0.0,0.0,0.0,0.0,0.0,0.0,0.0,0.0,0.12771616471688807
know,0.05422039859320047,0.0,0.060282960836579864,0.07637969094922738,0.05001157675387821,0.0,0.0,0.05316129032258064,0.05885111371629543,0.048034934497816595,0.07258609047940581,0.0,0.0,0.05551137267377127,0.0,0.0,0.05786387968391537,0.0,0.06515957446808511,0.04739336492890995,0.0,0.0,0.0,0.0,0.0,0.0,0.05736729350154725,0.0,0.0,0.0,0.0725733293014817,0.08683905827865689,0.0,0.0,0.06228893058161351,0.05919854280510018,0.047688564476885645,0.0,0.0,0.0,0.04810360777058279,0.0,0.0,0.0,0.0,0.0,0.0,0.0,0.0,0.0,0.0,0.0,0.0,0.0,0.0,0.0,0.0,0.12771616471688807
happen,0.021101992966002344,0.0,0.02183719499692434,0.02384105960264901,0.0177124334336652,0.0,0.0,0.016774193548387096,0.020867526377491206,0.01653150343106675,0.02160702228224173,0.0,0.0,0.02433593128678225,0.0,0.0,0.024216161101198064,0.0,0.02349290780141844,0.022748815165876776,0.0,0.0,0.0,0.0,0.0,0.0,0.024517971911449655,0.0,0.0,0.0,0.013909888116117326,0.01370127363952142,0.0,0.0,0.02326454033771107,0.010018214936247723,0.022627737226277374,0.0,0.0,0.0,0.013876040703052728,0.0,0.0,0.0,0.0,0.0,0.0,0.0,0.0,0.0,0.0,0.0,0.0,0.0,0.0,0.0,0.0,0.12771616471688807
find,0.0354630715123095,0.0,0.026758253024400245,0.042678440029433405,0.02824727946283862,0.0,0.0,0.02632258064516129,0.022743259085580305,0.026512788521522147,0.020594193112761647,0.0,0.0,0.040400827103547005,0.0,0.0,0.023196533265358144,0.0,0.03368794326241135,0.025592417061611375,0.0,0.0,0.0,0.0,0.0,0.0,0.03475363008807427,0.0,0.0,0.0,0.023283943150892047,0.026051717483597067,0.0,0.0,0.04803001876172608,0.04735883424408015,0.02141119221411192,0.0,0.0,0.0,0.032377428307123035,0.0,0.0,0.0,0.0,0.0,0.0,0.0,0.0,0.0,0.0,0.0,0.0,0.0,0.0,0.0,0.0,0.12771616471688807
leave,0.021101992966002344,0.0,0.018556489645273733,0.026048565121412803,0.018870108821486455,0.0,0.0,0.01625806451612903,0.0246189917936694,0.016219588271990017,0.011478730587440918,0.0,0.0,0.02863050739621441,0.0,0.0,0.013510068824878919,0.0,0.018617021276595744,0.023696682464454975,0.0,0.0,0.0,0.0,0.0,0.0,0.03689597714829802,0.0,0.0,0.0,0.016328999092833384,0.02527981474334234,0.0,0.0,0.022138836772983114,0.030965391621129327,0.0170316301703163,0.0,0.0,0.0,0.014801110083256245,0.0,0.0,0.0,0.0,0.0,0.0,0.0,0.0,0.0,0.0,0.0,0.0,0.0,0.0,0.0,0.0,0.12771616471688807
lose,0.031652989449003514,0.0,0.01773631330736108,0.027078734363502575,0.02106969205834684,0.0,0.0,0.01496774193548387,0.020398593200468933,0.027136618839675608,0.016542876434841324,0.0,0.0,0.01972323842850326,0.0,0.0,0.016314045373438696,0.0,0.016400709219858155,0.03033175355450237,0.0,0.0,0.0,0.0,0.0,0.0,0.03023089740537967,0.0,0.0,0.0,0.016933776837012398,0.018911617136240833,0.0,0.0,0.02176360225140713,0.01912568306010929,0.01630170316301703,0.0,0.0,0.0,0.02682701202590194,0.0,0.0,0.0,0.0,0.0,0.0,0.0,0.0,0.0,0.0,0.0,0.0,0.0,0.0,0.0,0.0,0.12771616471688807
keep,0.019050410316529893,0.0,0.017121181053926595,0.01648270787343635,0.023269275295207222,0.0,0.0,0.020129032258064516,0.013599062133645956,0.014660012476606364,0.017555705604321403,0.0,0.0,0.01924606330523302,0.0,0.0,0.01937292888095845,0.0,0.01551418439716312,0.017061611374407582,0.0,0.0,0.0,0.0,0.0,0.0,0.01594858367055463,0.0,0.0,0.0,0.01965527668581796,0.02277113083751447,0.0,0.0,0.01726078799249531,0.02185792349726776,0.0170316301703163,0.0,0.0,0.0,0.009250693802035153,0.0,0.0,0.0,0.0,0.0,0.0,0.0,0.0,0.0,0.0,0.0,0.0,0.0,0.0,0.0,0.0,0.12771616471688807
follow,0.019050410316529893,0.0,0.020606930490055363,0.027078734363502575,0.027089604075017364,0.0,0.0,0.016774193548387096,0.01735052754982415,0.023081721771678103,0.022957461174881837,0.0,0.0,0.02481310641005249,0.0,0.0,0.01988274279887841,0.0,0.017287234042553192,0.026540284360189573,0.0,0.0,0.0,0.0,0.0,0.0,0.014520352297072126,0.0,0.0,0.0,0.011793166011490778,0.02740254727904284,0.0,0.0,0.027392120075046905,0.05555555555555555,0.03017031630170316,0.0,0.0,0.0,0.02127659574468085,0.0,0.0,0.0,0.0,0.0,0.0,0.0,0.0,0.0,0.0,0.0,0.0,0.0,0.0,0.0,0.0,0.12771616471688807
remember,0.015533411488862838,0.0,0.006048800492105803,0.010596026490066225,0.00949293818013429,0.0,0.0,0.01264516129032258,0.007502930832356389,0.010917030567685589,0.012829169480081027,0.0,0.0,0.012088436456179418,0.0,0.0,0.011725720112159062,0.0,0.016843971631205674,0.0,0.0,0.0,0.0,0.0,0.0,0.0,0.008807426803142109,0.0,0.0,0.0,0.013305110371938312,0.010999614048629872,0.0,0.0,0.014634146341463415,0.0,0.00948905109489051,0.0,0.0,0.0,0.0,0.0,0.0,0.0,0.0,0.0,0.0,0.0,0.0,0.0,0.0,0.0,0.0,0.0,0.0,0.0,0.0,0.12771616471688807
fell,0.023739742086752638,0.0,0.027168341193356572,0.018543046357615896,0.02130122713591109,0.0,0.0,0.022451612903225806,0.023446658851113716,0.024017467248908297,0.025320729237002026,0.0,0.0,0.01733736281215206,0.0,0.0,0.01911802192199847,0.0,0.008865248226950355,0.018957345971563982,0.0,0.0,0.0,0.0,0.0,0.0,0.012854082361342537,0.0,0.0,0.0,0.02298155427880254,0.014473176379776149,0.0,0.0,0.025140712945590993,0.01639344262295082,0.019221411192214113,0.0,0.0,0.0,0.020351526364477335,0.0,0.0,0.0,0.0,0.0,0.0,0.0,0.0,0.0,0.0,0.0,0.0,0.0,0.0,0.0,0.0,0.12771616471688807
believe,0.014361078546307152,0.0,0.014353085913471396,0.01648270787343635,0.008103727714748784,0.0,0.0,0.006193548387096774,0.007268464243845252,0.008109794135995009,0.015192437542201216,0.0,0.0,0.013519961825990138,0.0,0.0,0.014784603619678817,0.0,0.007978723404255319,0.013270142180094787,0.0,0.0,0.0,0.0,0.0,0.0,0.009759581052130446,0.0,0.0,0.0,0.006954944058058663,0.014473176379776149,0.0,0.0,0.00900562851782364,0.0,0.01119221411192214,0.0,0.0,0.0,0.022201665124884366,0.0,0.0,0.0,0.0,0.0,0.0,0.0,0.0,0.0,0.0,0.0,0.0,0.0,0.0,0.0,0.0,0.12771616471688807
allow,0.0076201641266119575,0.0,0.009842116054951815,0.00986019131714496,0.0046307015512850195,0.0,0.0,0.002838709677419355,0.004220398593200469,0.0037429819089207735,0.008102633355840648,0.0,0.0,0.008589152218864323,0.0,0.0,0.007902115727759368,0.0,0.00576241134751773,0.014218009478672985,0.0,0.0,0.0,0.0,0.0,0.0,0.0042846941204475126,0.0,0.0,0.0,0.008164499546416692,0.002701659590891548,0.0,0.0,0.0075046904315197,0.0,0.01338199513381995,0.0,0.0,0.0,0.0,0.0,0.0,0.0,0.0,0.0,0.0,0.0,0.0,0.0,0.0,0.0,0.0,0.0,0.0,0.0,0.0,0.12771616471688807
appear,0.011430246189917937,0.0,0.013532909575558746,0.02119205298013245,0.01412363973141931,0.0,0.0,0.010838709677419355,0.013833528722157092,0.013100436681222707,0.016542876434841324,0.0,0.0,0.00938444409098139,0.0,0.0,0.02574560285495794,0.0,0.014184397163120567,0.03222748815165877,0.0,0.0,0.0,0.0,0.0,0.0,0.016900737919542965,0.0,0.0,0.0,0.013305110371938312,0.00482439212659205,0.0,0.0,0.01575984990619137,0.0,0.025547445255474453,0.0,0.0,0.0,0.020351526364477335,0.0,0.0,0.0,0.0,0.0,0.0,0.0,0.0,0.0,0.0,0.0,0.0,0.0,0.0,0.0,0.0,0.12771616471688807
next_morning,0.0,0.0,0.012302645068689768,0.004415011037527594,0.009261403102570039,0.0,0.0,0.008258064516129033,0.006330597889800703,0.0,0.007427413909520594,0.0,0.0,0.006362334976936536,0.0,0.0,0.004588325261279633,0.0,0.006648936170212766,0.009478672985781991,0.0,0.0,0.0,0.0,0.0,0.0,0.010473696738871698,0.0,0.0,0.0,0.0042334442092530995,0.012929370899266693,0.0,0.0,0.007879924953095686,0.0,0.0,0.0,0.0,0.0,0.011100832562442183,0.0,0.0,0.0,0.0,0.0,0.0,0.0,0.0,0.0,0.0,0.0,0.0,0.0,0.0,0.0,0.0,0.12771616471688807
recognize,0.0,0.0,0.0036907935206069303,0.0019131714495952907,0.0023153507756425097,0.0,0.0,0.0,0.002813599062133646,0.0,0.0,0.0,0.0,0.0,0.0,0.0,0.004078511343359674,0.0,0.0,0.0,0.0,0.0,0.0,0.0,0.0,0.0,0.0028564627469650082,0.0,0.0,0.0,0.0,0.0,0.0,0.0,0.0,0.0,0.006569343065693431,0.0,0.0,0.0,0.0,0.0,0.0,0.0,0.0,0.0,0.0,0.0,0.0,0.0,0.0,0.0,0.0,0.0,0.0,0.0,0.0,0.12771616471688807
rose,0.0,0.0,0.0013327865491080582,0.00235467255334805,0.0033572586246816394,0.0,0.0,0.0,0.0,0.0,0.008777852802160702,0.0,0.0,0.0,0.0,0.0,0.017333673209278613,0.0,0.0,0.0,0.0,0.0,0.0,0.0,0.0,0.0,0.0,0.0,0.0,0.0,0.004535833081342607,0.0021227325357005018,0.0,0.0,0.006378986866791745,0.0,0.0,0.0,0.0,0.0,0.0,0.0,0.0,0.0,0.0,0.0,0.0,0.0,0.0,0.0,0.0,0.0,0.0,0.0,0.0,0.0,0.0,0.12771616471688807
save,0.008206330597889801,0.0,0.005741234365388558,0.00986019131714496,0.007756425098402408,0.0,0.0,0.007741935483870968,0.005392731535756155,0.011228945726762321,0.00675219446320054,0.0,0.0,0.014474312072530618,0.0,0.0,0.007647208768799388,0.0,0.010195035460992909,0.0,0.0,0.0,0.0,0.0,0.0,0.0,0.006665079742918353,0.0,0.0,0.0,0.0060477774417901425,0.01775376302585874,0.0,0.0,0.005628517823639775,0.01912568306010929,0.023600973236009733,0.0,0.0,0.0,0.012950971322849213,0.0,0.0,0.0,0.0,0.0,0.0,0.0,0.0,0.0,0.0,0.0,0.0,0.0,0.0,0.0,0.0,0.12771616471688807
wicked,0.011723329425556858,0.0,0.005741234365388558,0.010596026490066225,0.009029868025005789,0.0,0.0,0.007741935483870968,0.007268464243845252,0.0037429819089207735,0.00675219446320054,0.0,0.0,0.01590583744234134,0.0,0.0,0.007647208768799388,0.0,0.020833333333333332,0.0,0.0,0.0,0.0,0.0,0.0,0.0,0.0057129254939300165,0.0,0.0,0.0,0.007862110674327185,0.0,0.0,0.0,0.00900562851782364,0.0,0.004622871046228711,0.0,0.0,0.0,0.0,0.0,0.0,0.0,0.0,0.0,0.0,0.0,0.0,0.0,0.0,0.0,0.0,0.0,0.0,0.0,0.0,0.12771616471688807
consider,0.0038100820633059787,0.0,0.0037933155628460118,0.005592347314201619,0.0,0.0,0.0,0.0,0.002579132473622509,0.0,0.00675219446320054,0.0,0.0,0.004135517735008748,0.0,0.0,0.004333418302319653,0.0,0.0,0.0,0.0,0.0,0.0,0.0,0.0,0.0,0.0,0.0,0.0,0.0,0.0,0.0036665380162099574,0.0,0.0,0.0,0.0,0.00413625304136253,0.0,0.0,0.0,0.0,0.0,0.0,0.0,0.0,0.0,0.0,0.0,0.0,0.0,0.0,0.0,0.0,0.0,0.0,0.0,0.0,0.12771616471688807
sing,0.010550996483001172,0.0,0.008509329505843757,0.007799852832965416,0.018638573743922204,0.0,0.0,0.007741935483870968,0.01570926143024619,0.011540860885839051,0.02397029034436192,0.0,0.0,0.002863050739621441,0.0,0.0,0.014784603619678817,0.0,0.0062056737588652485,0.0,0.0,0.0,0.0,0.0,0.0,0.0,0.00238038562247084,0.0,0.0,0.0,0.01149077713940127,0.008490930142802007,0.0,0.0,0.013883677298311446,0.01092896174863388,0.00583941605839416,0.0,0.0,0.0,0.0,0.0,0.0,0.0,0.0,0.0,0.0,0.0,0.0,0.0,0.0,0.0,0.0,0.0,0.0,0.0,0.0,0.12771616471688807
wing,0.011430246189917937,0.0,0.0036907935206069303,0.006622516556291391,0.010419078490391294,0.0,0.0,0.0033548387096774194,0.010082063305978897,0.01653150343106675,0.015530047265361242,0.0,0.0,0.002385875616351201,0.0,0.0,0.017588580168238593,0.0,0.0,0.0,0.0,0.0,0.0,0.0,0.0,0.0,0.0033325398714591763,0.0,0.0,0.0,0.009676443906864228,0.006754148977228869,0.0,0.0,0.00975609756097561,0.02185792349726776,0.0036496350364963502,0.0,0.0,0.0,0.009250693802035153,0.0,0.0,0.0,0.0,0.0,0.0,0.0,0.0,0.0,0.0,0.0,0.0,0.0,0.0,0.0,0.0,0.12771616471688807
expect,0.005568581477139508,0.0,0.004510969858519582,0.00986019131714496,0.004746469090067145,0.0,0.0,0.0,0.0032825322391559202,0.0034310667498440423,0.008102633355840648,0.0,0.0,0.008271035470017497,0.0,0.0,0.007647208768799388,0.0,0.00576241134751773,0.014218009478672985,0.0,0.0,0.0,0.0,0.0,0.0,0.007141156867412521,0.0,0.0,0.0,0.0030238887208950713,0.0032805866460825935,0.0,0.0,0.00450281425891182,0.0,0.0051094890510948905,0.0,0.0,0.0,0.0,0.0,0.0,0.0,0.0,0.0,0.0,0.0,0.0,0.0,0.0,0.0,0.0,0.0,0.0,0.0,0.0,0.12771616471688807
legging,0.0,0.0,0.0,0.0,0.0046307015512850195,0.0,0.0,0.0,0.0,0.0,0.0,0.0,0.0,0.0,0.0,0.0,0.0,0.0,0.0,0.0,0.0,0.0,0.0,0.0,0.0,0.0,0.0,0.0,0.0,0.0,0.0,0.0,0.0,0.0,0.0,0.0,0.0,0.0,0.0,0.0,0.0,0.0,0.0,0.0,0.0,0.0,0.0,0.0,0.0,0.0,0.0,0.0,0.0,0.0,0.0,0.0,0.0,0.12771616471688807
succeed,0.004103165298944901,0.0,0.005023580069714989,0.0051508462104488595,0.0045149340125028945,0.0,0.0,0.0,0.0,0.0,0.004051316677920324,0.0,0.0,0.004771751232702402,0.0,0.0,0.004588325261279633,0.0,0.00576241134751773,0.0,0.0,0.0,0.0,0.0,0.0,0.0,0.0030945013092120925,0.0,0.0,0.0,0.0,0.0,0.0,0.0,0.00975609756097561,0.0,0.004622871046228711,0.0,0.0,0.0,0.0,0.0,0.0,0.0,0.0,0.0,0.0,0.0,0.0,0.0,0.0,0.0,0.0,0.0,0.0,0.0,0.0,0.12771616471688807
hundred,0.00615474794841735,0.0,0.003998359647324175,0.008094186902133923,0.004399166473720769,0.0,0.0,0.0064516129032258064,0.005158264947245018,0.004366812227074236,0.00675219446320054,0.0,0.0,0.006362334976936536,0.0,0.0,0.00637267397399949,0.0,0.0070921985815602835,0.0,0.0,0.0,0.0,0.0,0.0,0.0,0.012139966674601285,0.0,0.0,0.0,0.0030238887208950713,0.0075260517174835975,0.0,0.0,0.00375234521575985,0.0,0.010218978102189781,0.0,0.0,0.0,0.0,0.0,0.0,0.0,0.0,0.0,0.0,0.0,0.0,0.0,0.0,0.0,0.0,0.0,0.0,0.0,0.0,0.12771616471688807
settle,0.0,0.0,0.0021529628870207095,0.0027961736571008094,0.004167631396156518,0.0,0.0,0.003870967741935484,0.003985932004689332,0.0034310667498440423,0.00337609723160027,0.0,0.0,0.0034992842373150947,0.0,0.0,0.0025490695895997962,0.0,0.005319148936170213,0.0,0.0,0.0,0.0,0.0,0.0,0.0,0.0030945013092120925,0.0,0.0,0.0,0.0,0.002701659590891548,0.0,0.0,0.004127579737335835,0.0,0.0038929440389294406,0.0,0.0,0.0,0.0,0.0,0.0,0.0,0.0,0.0,0.0,0.0,0.0,0.0,0.0,0.0,0.0,0.0,0.0,0.0,0.0,0.12771616471688807
lightning,0.0,0.0,0.0014353085913471396,0.0,0.0032414910858995136,0.0,0.0,0.0,0.0,0.0,0.0,0.0,0.0,0.0,0.0,0.0,0.0,0.0,0.0,0.0,0.0,0.0,0.0,0.0,0.0,0.0,0.0028564627469650082,0.0,0.0,0.0,0.0,0.0,0.0,0.0,0.0,0.0,0.0031630170316301704,0.0,0.0,0.0,0.009250693802035153,0.0,0.0,0.0,0.0,0.0,0.0,0.0,0.0,0.0,0.0,0.0,0.0,0.0,0.0,0.0,0.0,0.12771616471688807
slow,0.0,0.0,0.0011277424646298955,0.0020603384841795438,0.0032414910858995136,0.0,0.0,0.0,0.0,0.0,0.0,0.0,0.0,0.0,0.0,0.0,0.0,0.0,0.0,0.0,0.0,0.0,0.0,0.0,0.0,0.0,0.0,0.0,0.0,0.0,0.0,0.0,0.0,0.0,0.0,0.0,0.0,0.0,0.0,0.0,0.0,0.0,0.0,0.0,0.0,0.0,0.0,0.0,0.0,0.0,0.0,0.0,0.0,0.0,0.0,0.0,0.0,0.12771616471688807
sled,0.0,0.0,0.0,0.0,0.0027784209307710117,0.0,0.0,0.0,0.0,0.0,0.0,0.0,0.0,0.0,0.0,0.0,0.0,0.0,0.0,0.0,0.0,0.0,0.0,0.0,0.0,0.0,0.0,0.0,0.0,0.0,0.0,0.0,0.0,0.0,0.0,0.0,0.0,0.0,0.0,0.0,0.0,0.0,0.0,0.0,0.0,0.0,0.0,0.0,0.0,0.0,0.0,0.0,0.0,0.0,0.0,0.0,0.0,0.12771616471688807
every_morning,0.0,0.0,0.002050440844781628,0.0,0.0026626533919888863,0.0,0.0,0.0,0.0,0.0,0.0,0.0,0.0,0.002863050739621441,0.0,0.0,0.0025490695895997962,0.0,0.0,0.0,0.0,0.0,0.0,0.0,0.0,0.0,0.0026184241847179244,0.0,0.0,0.0,0.0,0.0,0.0,0.0,0.0,0.0,0.0,0.0,0.0,0.0,0.0,0.0,0.0,0.0,0.0,0.0,0.0,0.0,0.0,0.0,0.0,0.0,0.0,0.0,0.0,0.0,0.0,0.12771616471688807
sacred,0.006740914419695193,0.0,0.0,0.0,0.0024311183144246355,0.0,0.0,0.0,0.0,0.0,0.0,0.0,0.0,0.003976459360585335,0.0,0.0,0.0,0.0,0.0,0.0,0.0,0.0,0.0,0.0,0.0,0.0,0.0,0.0,0.0,0.0,0.0030238887208950713,0.0,0.0,0.0,0.0,0.0,0.0,0.0,0.0,0.0,0.0,0.0,0.0,0.0,0.0,0.0,0.0,0.0,0.0,0.0,0.0,0.0,0.0,0.0,0.0,0.0,0.0,0.12771616471688807
cunning,0.004396248534583822,0.0,0.002460529013737954,0.002501839587932303,0.0023153507756425097,0.0,0.0,0.0,0.004689331770222743,0.007174048658764816,0.0,0.0,0.0,0.004135517735008748,0.0,0.0,0.002803976548559776,0.0,0.0,0.0,0.0,0.0,0.0,0.0,0.0,0.0,0.0033325398714591763,0.0,0.0,0.0,0.008466888418506199,0.0,0.0,0.0,0.0,0.010018214936247723,0.0,0.0,0.0,0.0,0.0,0.0,0.0,0.0,0.0,0.0,0.0,0.0,0.0,0.0,0.0,0.0,0.0,0.0,0.0,0.0,0.0,0.12771616471688807
early_morning,0.0,0.0,0.002870617182694279,0.0,0.002083815698078259,0.0,0.0,0.0,0.003985932004689332,0.0,0.0,0.0,0.0,0.001590583744234134,0.0,0.0,0.0,0.0,0.0,0.0,0.0,0.0,0.0,0.0,0.0,0.0,0.0,0.0,0.0,0.0,0.0,0.0,0.0,0.0,0.0,0.0,0.0,0.0,0.0,0.0,0.0,0.0,0.0,0.0,0.0,0.0,0.0,0.0,0.0,0.0,0.0,0.0,0.0,0.0,0.0,0.0,0.0,0.12771616471688807
ashamed,0.0,0.0,0.0021529628870207095,0.002207505518763797,0.0018522806205140078,0.0,0.0,0.0025806451612903226,0.0,0.0,0.0,0.0,0.0,0.0025449339907746144,0.0,0.0,0.0,0.0,0.0,0.0,0.0,0.0,0.0,0.0,0.0,0.0,0.0,0.0,0.0,0.0,0.0,0.0,0.0,0.0,0.0,0.0,0.0,0.0,0.0,0.0,0.0,0.0,0.0,0.0,0.0,0.0,0.0,0.0,0.0,0.0,0.0,0.0,0.0,0.0,0.0,0.0,0.0,0.12771616471688807
kindred,0.0,0.0,0.0,0.0,0.0018522806205140078,0.0,0.0,0.0,0.0,0.0,0.0,0.0,0.0,0.0,0.0,0.0,0.0,0.0,0.0,0.0,0.0,0.0,0.0,0.0,0.0,0.0,0.0,0.0,0.0,0.0,0.0,0.0,0.0,0.0,0.0,0.0,0.0,0.0,0.0,0.0,0.0,0.0,0.0,0.0,0.0,0.0,0.0,0.0,0.0,0.0,0.0,0.0,0.0,0.0,0.0,0.0,0.0,0.12771616471688807
pudding,0.0,0.0,0.0,0.0,0.0018522806205140078,0.0,0.0,0.006193548387096774,0.0,0.0,0.0,0.0,0.0,0.0017496421186575474,0.0,0.0,0.0,0.0,0.0,0.0,0.0,0.0,0.0,0.0,0.0,0.0,0.0,0.0,0.0,0.0,0.0,0.0,0.0,0.0,0.0,0.0,0.0,0.0,0.0,0.0,0.0,0.0,0.0,0.0,0.0,0.0,0.0,0.0,0.0,0.0,0.0,0.0,0.0,0.0,0.0,0.0,0.0,0.12771616471688807
stocking,0.0,0.0,0.001025220422390814,0.0,0.0018522806205140078,0.0,0.0,0.0,0.0,0.0,0.0,0.0,0.0,0.0,0.0,0.0,0.0,0.0,0.0,0.0,0.0,0.0,0.0,0.0,0.0,0.0,0.0,0.0,0.0,0.0,0.0,0.0,0.0,0.0,0.0,0.0,0.0,0.0,0.0,0.0,0.0,0.0,0.0,0.0,0.0,0.0,0.0,0.0,0.0,0.0,0.0,0.0,0.0,0.0,0.0,0.0,0.0,0.12771616471688807
swing,0.0,0.0,0.0,0.0,0.0017365130817318824,0.0,0.0,0.0,0.0,0.0,0.0,0.0,0.0,0.004135517735008748,0.0,0.0,0.0,0.0,0.0,0.0,0.0,0.0,0.0,0.0,0.0,0.0,0.0,0.0,0.0,0.0,0.0,0.0,0.0,0.0,0.0,0.0,0.0,0.0,0.0,0.0,0.0,0.0,0.0,0.0,0.0,0.0,0.0,0.0,0.0,0.0,0.0,0.0,0.0,0.0,0.0,0.0,0.0,0.12771616471688807
door_open,0.0,0.0,0.0036907935206069303,0.0027961736571008094,0.0016207455429497568,0.0,0.0,0.0,0.0,0.0,0.0,0.0,0.0,0.0,0.0,0.0,0.003313790466479735,0.0,0.0,0.0,0.0,0.0,0.0,0.0,0.0,0.0,0.0,0.0,0.0,0.0,0.0,0.0021227325357005018,0.0,0.0,0.0,0.0,0.0,0.0,0.0,0.0,0.0,0.0,0.0,0.0,0.0,0.0,0.0,0.0,0.0,0.0,0.0,0.0,0.0,0.0,0.0,0.0,0.0,0.12771616471688807
shed,0.0,0.0,0.001025220422390814,0.0,0.0016207455429497568,0.0,0.0,0.0,0.0032825322391559202,0.0,0.0,0.0,0.0,0.002067758867504374,0.0,0.0,0.0025490695895997962,0.0,0.0,0.0,0.0,0.0,0.0,0.0,0.0,0.0,0.0,0.0,0.0,0.0,0.0030238887208950713,0.0,0.0,0.0,0.0,0.0,0.0,0.0,0.0,0.0,0.0,0.0,0.0,0.0,0.0,0.0,0.0,0.0,0.0,0.0,0.0,0.0,0.0,0.0,0.0,0.0,0.0,0.12771616471688807
assume,0.0,0.0,0.0,0.0,0.0015049780041676314,0.0,0.0,0.0,0.0,0.0,0.0,0.0,0.0,0.0,0.0,0.0,0.0,0.0,0.0,0.0,0.0,0.0,0.0,0.0,0.0,0.0,0.0,0.0,0.0,0.0,0.0,0.0,0.0,0.0,0.0,0.0,0.00267639902676399,0.0,0.0,0.0,0.0,0.0,0.0,0.0,0.0,0.0,0.0,0.0,0.0,0.0,0.0,0.0,0.0,0.0,0.0,0.0,0.0,0.12771616471688807
feeling,0.0,0.0,0.0,0.0019131714495952907,0.0012734429266033805,0.0,0.0,0.0,0.0,0.0,0.0,0.0,0.0,0.0,0.0,0.0,0.0,0.0,0.0,0.0,0.0,0.0,0.0,0.0,0.0,0.0,0.0,0.0,0.0,0.0,0.0,0.0,0.0,0.0,0.0,0.0,0.0,0.0,0.0,0.0,0.0,0.0,0.0,0.0,0.0,0.0,0.0,0.0,0.0,0.0,0.0,0.0,0.0,0.0,0.0,0.0,0.0,0.12771616471688807
remove,0.0,0.0,0.001537830633586221,0.0,0.0012734429266033805,0.0,0.0,0.0,0.0023446658851113715,0.0,0.0,0.0,0.0,0.0022268172419277876,0.0,0.0,0.0,0.0,0.0062056737588652485,0.0,0.0,0.0,0.0,0.0,0.0,0.0,0.004522732682694597,0.0,0.0,0.0,0.0,0.0,0.0,0.0,0.0,0.0,0.004622871046228711,0.0,0.0,0.0,0.0,0.0,0.0,0.0,0.0,0.0,0.0,0.0,0.0,0.0,0.0,0.0,0.0,0.0,0.0,0.0,0.0,0.12771616471688807
evening,0.0,0.0,0.0,0.0,0.0011576753878212549,0.0,0.0,0.0,0.0,0.0,0.0,0.0,0.0,0.0,0.0,0.0,0.0025490695895997962,0.0,0.0,0.0,0.0,0.0,0.0,0.0,0.0,0.0,0.0,0.0,0.0,0.0,0.0,0.0,0.0,0.0,0.0,0.0,0.0,0.0,0.0,0.0,0.0,0.0,0.0,0.0,0.0,0.0,0.0,0.0,0.0,0.0,0.0,0.0,0.0,0.0,0.0,0.0,0.0,0.12771616471688807
best_beloved,0.0,0.0,0.0,0.0,0.0,0.0,0.0,0.011612903225806452,0.0,0.0,0.0,0.0,0.0,0.0,0.0,0.0,0.0,0.0,0.0,0.0,0.0,0.0,0.0,0.0,0.0,0.0,0.0,0.0,0.0,0.0,0.0,0.0,0.0,0.0,0.0,0.0,0.0,0.0,0.0,0.0,0.0,0.0,0.0,0.0,0.0,0.0,0.0,0.0,0.0,0.0,0.0,0.0,0.0,0.0,0.0,0.0,0.0,0.12771616471688807
nought_nothing,0.0,0.0,0.0,0.0,0.0,0.0,0.0,0.006709677419354839,0.0,0.0,0.0,0.0,0.0,0.0,0.0,0.0,0.0,0.0,0.0,0.0,0.0,0.0,0.0,0.0,0.0,0.0,0.0,0.0,0.0,0.0,0.0,0.0,0.0,0.0,0.0,0.0,0.0,0.0,0.0,0.0,0.0,0.0,0.0,0.0,0.0,0.0,0.0,0.0,0.0,0.0,0.0,0.0,0.0,0.0,0.0,0.0,0.0,0.12771616471688807
magic_ring,0.0,0.0,0.0,0.0,0.0,0.0,0.0,0.0036129032258064514,0.0,0.0,0.0,0.0,0.0,0.0,0.0,0.0,0.0,0.0,0.0,0.0,0.0,0.0,0.0,0.0,0.0,0.0,0.0,0.0,0.0,0.0,0.0,0.0,0.0,0.0,0.0,0.0,0.0,0.0,0.0,0.0,0.0,0.0,0.0,0.0,0.0,0.0,0.0,0.0,0.0,0.0,0.0,0.0,0.0,0.0,0.0,0.0,0.0,0.12771616471688807
nine_hundred,0.0,0.0,0.0,0.0,0.0,0.0,0.0,0.0025806451612903226,0.0,0.0,0.0,0.0,0.0,0.0,0.0,0.0,0.0,0.0,0.0,0.0,0.0,0.0,0.0,0.0,0.0,0.0,0.0,0.0,0.0,0.0,0.0,0.0,0.0,0.0,0.0,0.0,0.0,0.0,0.0,0.0,0.0,0.0,0.0,0.0,0.0,0.0,0.0,0.0,0.0,0.0,0.0,0.0,0.0,0.0,0.0,0.0,0.0,0.12771616471688807
darling,0.0,0.0,0.0019479188025425466,0.0,0.0,0.0,0.0,0.0025806451612903226,0.002579132473622509,0.0,0.0,0.0,0.0,0.0,0.0,0.0,0.0,0.0,0.0,0.0,0.0,0.0,0.0,0.0,0.0,0.0,0.0,0.0,0.0,0.0,0.0,0.0,0.0,0.0,0.0,0.0,0.0,0.0,0.0,0.0,0.0,0.0,0.0,0.0,0.0,0.0,0.0,0.0,0.0,0.0,0.0,0.0,0.0,0.0,0.0,0.0,0.0,0.12771616471688807
thumbling,0.0,0.0,0.004510969858519582,0.0,0.0,0.0,0.0,0.0,0.0,0.0,0.0,0.0,0.0,0.0,0.0,0.0,0.0,0.0,0.0,0.0,0.0,0.0,0.0,0.0,0.0,0.0,0.0,0.0,0.0,0.0,0.0,0.0,0.0,0.0,0.0,0.0,0.0,0.0,0.0,0.0,0.0,0.0,0.0,0.0,0.0,0.0,0.0,0.0,0.0,0.0,0.0,0.0,0.0,0.0,0.0,0.0,0.0,0.12771616471688807
beloved,0.007327080890973036,0.0,0.0031781833094115235,0.004856512141280353,0.0,0.0,0.0,0.0,0.004454865181711606,0.0,0.0,0.0,0.0,0.0034992842373150947,0.0,0.0,0.0,0.0,0.0,0.0,0.0,0.0,0.0,0.0,0.0,0.0,0.0,0.0,0.0,0.0,0.0,0.0,0.0,0.0,0.0,0.0,0.00413625304136253,0.0,0.0,0.0,0.0,0.0,0.0,0.0,0.0,0.0,0.0,0.0,0.0,0.0,0.0,0.0,0.0,0.0,0.0,0.0,0.0,0.12771616471688807
wretched,0.0,0.0,0.002050440844781628,0.002501839587932303,0.0,0.0,0.0,0.0,0.003985932004689332,0.0031191515907673115,0.0,0.0,0.0,0.0062032766025131225,0.0,0.0,0.0,0.0,0.0,0.0,0.0,0.0,0.0,0.0,0.0,0.0,0.005474886931682933,0.0,0.0,0.0,0.0,0.0,0.0,0.0,0.0,0.0,0.0031630170316301704,0.0,0.0,0.0,0.0,0.0,0.0,0.0,0.0,0.0,0.0,0.0,0.0,0.0,0.0,0.0,0.0,0.0,0.0,0.0,0.0,0.12771616471688807
obtain,0.0,0.0,0.002050440844781628,0.0030905077262693157,0.0,0.0,0.0,0.0,0.002813599062133646,0.0,0.00675219446320054,0.0,0.0,0.0034992842373150947,0.0,0.0,0.003823604384399694,0.0,0.0,0.0,0.0,0.0,0.0,0.0,0.0,0.0,0.0033325398714591763,0.0,0.0,0.0,0.0,0.0,0.0,0.0,0.00375234521575985,0.0,0.007055961070559611,0.0,0.0,0.0,0.0,0.0,0.0,0.0,0.0,0.0,0.0,0.0,0.0,0.0,0.0,0.0,0.0,0.0,0.0,0.0,0.0,0.12771616471688807
gold_ring,0.0,0.0,0.0018453967603034652,0.0,0.0,0.0,0.0,0.0,0.0,0.0,0.0,0.0,0.0,0.0,0.0,0.0,0.0,0.0,0.0,0.0,0.0,0.0,0.0,0.0,0.0,0.0,0.0,0.0,0.0,0.0,0.0,0.0,0.0,0.0,0.0,0.0,0.0,0.0,0.0,0.0,0.0,0.0,0.0,0.0,0.0,0.0,0.0,0.0,0.0,0.0,0.0,0.0,0.0,0.0,0.0,0.0,0.0,0.12771616471688807
farthing,0.0,0.0,0.001742874718064384,0.0,0.0,0.0,0.0,0.0,0.0,0.0,0.0,0.0,0.0,0.0,0.0,0.0,0.0,0.0,0.0,0.0,0.0,0.0,0.0,0.0,0.0,0.0,0.0,0.0,0.0,0.0,0.0,0.0,0.0,0.0,0.0,0.0,0.0,0.0,0.0,0.0,0.0,0.0,0.0,0.0,0.0,0.0,0.0,0.0,0.0,0.0,0.0,0.0,0.0,0.0,0.0,0.0,0.0,0.12771616471688807
three_hundred,0.0,0.0,0.001742874718064384,0.0,0.0,0.0,0.0,0.0,0.0,0.0,0.0,0.0,0.0,0.0,0.0,0.0,0.0,0.0,0.0,0.0,0.0,0.0,0.0,0.0,0.0,0.0,0.0,0.0,0.0,0.0,0.0,0.0028946352759552296,0.0,0.0,0.00375234521575985,0.0,0.0,0.0,0.0,0.0,0.0,0.0,0.0,0.0,0.0,0.0,0.0,0.0,0.0,0.0,0.0,0.0,0.0,0.0,0.0,0.0,0.0,0.12771616471688807
everything_happen,0.0,0.0,0.001742874718064384,0.0,0.0,0.0,0.0,0.0,0.0,0.0,0.0,0.0,0.0,0.0,0.0,0.0,0.0,0.0,0.0,0.0,0.0,0.0,0.0,0.0,0.0,0.0,0.0,0.0,0.0,0.0,0.0,0.0,0.0,0.0,0.0,0.0,0.0,0.0,0.0,0.0,0.0,0.0,0.0,0.0,0.0,0.0,0.0,0.0,0.0,0.0,0.0,0.0,0.0,0.0,0.0,0.0,0.0,0.12771616471688807
iron_stove,0.0,0.0,0.001537830633586221,0.0,0.0,0.0,0.0,0.0,0.0,0.0,0.0,0.0,0.0,0.0,0.0,0.0,0.0,0.0,0.0,0.0,0.0,0.0,0.0,0.0,0.0,0.0,0.0,0.0,0.0,0.0,0.0,0.0,0.0,0.0,0.0,0.0,0.0,0.0,0.0,0.0,0.0,0.0,0.0,0.0,0.0,0.0,0.0,0.0,0.0,0.0,0.0,0.0,0.0,0.0,0.0,0.0,0.0,0.12771616471688807
soar,0.0,0.0,0.0014353085913471396,0.0,0.0,0.0,0.0,0.0,0.0,0.0,0.0,0.0,0.0,0.0,0.0,0.0,0.0,0.0,0.0,0.0,0.0,0.0,0.0,0.0,0.0,0.0,0.0,0.0,0.0,0.0,0.0,0.0,0.0,0.0,0.0,0.0,0.0,0.0,0.0,0.0,0.0,0.0,0.0,0.0,0.0,0.0,0.0,0.0,0.0,0.0,0.0,0.0,0.0,0.0,0.0,0.0,0.0,0.12771616471688807
plus_hundred,0.0,0.0,0.0013327865491080582,0.0,0.0,0.0,0.0,0.0,0.0,0.0,0.0,0.0,0.0,0.0,0.0,0.0,0.0,0.0,0.0,0.0,0.0,0.0,0.0,0.0,0.0,0.0,0.0,0.0,0.0,0.0,0.0,0.0,0.0,0.0,0.0,0.0,0.0,0.0,0.0,0.0,0.0,0.0,0.0,0.0,0.0,0.0,0.0,0.0,0.0,0.0,0.0,0.0,0.0,0.0,0.0,0.0,0.0,0.12771616471688807
quite_willing,0.0,0.0,0.0013327865491080582,0.0,0.0,0.0,0.0,0.0,0.0,0.0,0.0,0.0,0.0,0.0,0.0,0.0,0.0,0.0,0.0,0.0,0.0,0.0,0.0,0.0,0.0,0.0,0.0,0.0,0.0,0.0,0.0,0.0,0.0,0.0,0.0,0.0,0.0,0.0,0.0,0.0,0.0,0.0,0.0,0.0,0.0,0.0,0.0,0.0,0.0,0.0,0.0,0.0,0.0,0.0,0.0,0.0,0.0,0.12771616471688807
human_being,0.0,0.0,0.0,0.0,0.0,0.0,0.0,0.0,0.0,0.0,0.00675219446320054,0.0,0.0,0.0,0.0,0.0,0.0,0.0,0.0,0.0,0.0,0.0,0.0,0.0,0.0,0.0,0.0,0.0,0.0,0.0,0.0,0.0,0.0,0.0,0.0,0.0,0.00291970802919708,0.0,0.0,0.0,0.0,0.0,0.0,0.0,0.0,0.0,0.0,0.0,0.0,0.0,0.0,0.0,0.0,0.0,0.0,0.0,0.0,0.12771616471688807
kirsten,0.0,0.0,0.0,0.0,0.0,0.0,0.0,0.0,0.0,0.0,0.004726536124240378,0.0,0.0,0.0,0.0,0.0,0.0,0.0,0.0,0.0,0.0,0.0,0.0,0.0,0.0,0.0,0.0,0.0,0.0,0.0,0.0,0.0,0.0,0.0,0.0,0.0,0.0,0.0,0.0,0.0,0.0,0.0,0.0,0.0,0.0,0.0,0.0,0.0,0.0,0.0,0.0,0.0,0.0,0.0,0.0,0.0,0.0,0.12771616471688807
plaything,0.0,0.0,0.0,0.0,0.0,0.0,0.0,0.0,0.0,0.0,0.00337609723160027,0.0,0.0,0.0,0.0,0.0,0.0,0.0,0.0,0.0,0.0,0.0,0.0,0.0,0.0,0.0,0.0,0.0,0.0,0.0,0.0,0.0,0.0,0.0,0.0,0.0,0.0,0.0,0.0,0.0,0.0,0.0,0.0,0.0,0.0,0.0,0.0,0.0,0.0,0.0,0.0,0.0,0.0,0.0,0.0,0.0,0.0,0.12771616471688807
prince_darling,0.0,0.0,0.0,0.003679175864606328,0.0,0.0,0.0,0.0,0.0,0.0,0.0,0.0,0.0,0.0,0.0,0.0,0.0,0.0,0.0,0.0,0.0,0.0,0.0,0.0,0.0,0.0,0.0,0.0,0.0,0.0,0.0,0.0,0.0,0.0,0.0,0.0,0.0,0.0,0.0,0.0,0.0,0.0,0.0,0.0,0.0,0.0,0.0,0.0,0.0,0.0,0.0,0.0,0.0,0.0,0.0,0.0,0.0,0.12771616471688807
much_surprised,0.0,0.0,0.0,0.0030905077262693157,0.0,0.0,0.0,0.0,0.0,0.0,0.0,0.0,0.0,0.0017496421186575474,0.0,0.0,0.0,0.0,0.0,0.0,0.0,0.0,0.0,0.0,0.0,0.0,0.0,0.0,0.0,0.0,0.0,0.0,0.0,0.0,0.0,0.0,0.0,0.0,0.0,0.0,0.0,0.0,0.0,0.0,0.0,0.0,0.0,0.0,0.0,0.0,0.0,0.0,0.0,0.0,0.0,0.0,0.0,0.12771616471688807
fling,0.0,0.0,0.0,0.0016188373804267844,0.0,0.0,0.0,0.0,0.0,0.0,0.0,0.0,0.0,0.0,0.0,0.0,0.0,0.0,0.0,0.0,0.0,0.0,0.0,0.0,0.0,0.0,0.0,0.0,0.0,0.0,0.0,0.0,0.0,0.0,0.0,0.0,0.0,0.0,0.0,0.0,0.0,0.0,0.0,0.0,0.0,0.0,0.0,0.0,0.0,0.0,0.0,0.0,0.0,0.0,0.0,0.0,0.0,0.12771616471688807
wonderful_thing,0.0,0.0,0.0,0.0014716703458425313,0.0,0.0,0.0,0.0,0.0,0.0,0.0,0.0,0.0,0.0,0.0,0.0,0.0,0.0,0.0,0.0,0.0,0.0,0.0,0.0,0.0,0.0,0.0,0.0,0.0,0.0,0.0,0.0,0.0,0.0,0.0,0.0,0.0,0.0,0.0,0.0,0.0,0.0,0.0,0.0,0.0,0.0,0.0,0.0,0.0,0.0,0.0,0.0,0.0,0.0,0.0,0.0,0.0,0.12771616471688807
thing_happen,0.0,0.0,0.0,0.0014716703458425313,0.0,0.0,0.0,0.0,0.0,0.0,0.0,0.0,0.0,0.0,0.0,0.0,0.0,0.0,0.0,0.0,0.0,0.0,0.0,0.0,0.0,0.0,0.0,0.0,0.0,0.0,0.0,0.0,0.0,0.0,0.0,0.0,0.0,0.0,0.0,0.0,0.0,0.0,0.0,0.0,0.0,0.0,0.0,0.0,0.0,0.0,0.0,0.0,0.0,0.0,0.0,0.0,0.0,0.12771616471688807
five_hundred,0.0,0.0,0.0,0.0014716703458425313,0.0,0.0,0.0,0.0,0.0,0.0,0.0,0.0,0.0,0.0,0.0,0.0,0.0,0.0,0.0,0.0,0.0,0.0,0.0,0.0,0.0,0.0,0.0,0.0,0.0,0.0,0.0,0.0019297568506368198,0.0,0.0,0.0,0.0,0.0,0.0,0.0,0.0,0.0,0.0,0.0,0.0,0.0,0.0,0.0,0.0,0.0,0.0,0.0,0.0,0.0,0.0,0.0,0.0,0.0,0.12771616471688807
sting,0.0,0.0,0.0,0.0,0.0,0.0,0.0,0.0,0.0,0.0037429819089207735,0.0,0.0,0.0,0.0,0.0,0.0,0.0,0.0,0.0,0.0,0.0,0.0,0.0,0.0,0.0,0.0,0.0,0.0,0.0,0.0,0.0,0.0,0.0,0.0,0.0,0.0,0.0,0.0,0.0,0.0,0.0,0.0,0.0,0.0,0.0,0.0,0.0,0.0,0.0,0.0,0.0,0.0,0.0,0.0,0.0,0.0,0.0,0.12771616471688807
strange_thing,0.0,0.0,0.0,0.0,0.0,0.0,0.0,0.0,0.0,0.0,0.0,0.0,0.0,0.0,0.0,0.0,0.0,0.0,0.0,0.0,0.0,0.0,0.0,0.0,0.0,0.0,0.0,0.0,0.0,0.0,0.0,0.0021227325357005018,0.0,0.0,0.0,0.0,0.0,0.0,0.0,0.0,0.0,0.0,0.0,0.0,0.0,0.0,0.0,0.0,0.0,0.0,0.0,0.0,0.0,0.0,0.0,0.0,0.0,0.12771616471688807
siegfried,0.0,0.0,0.0,0.0,0.0,0.0,0.0,0.0,0.0,0.0,0.0,0.0,0.0,0.0,0.0,0.0,0.0,0.0,0.0,0.0,0.0,0.0,0.0,0.0,0.0,0.0,0.0,0.0,0.0,0.0,0.008164499546416692,0.0,0.0,0.0,0.0,0.0,0.0,0.0,0.0,0.0,0.0,0.0,0.0,0.0,0.0,0.0,0.0,0.0,0.0,0.0,0.0,0.0,0.0,0.0,0.0,0.0,0.0,0.12771616471688807
being,0.003223915592028136,0.0,0.0,0.0,0.0,0.0,0.0,0.0,0.0,0.0,0.0,0.0,0.0,0.0,0.0,0.0,0.0,0.0,0.0,0.0,0.0,0.0,0.0,0.0,0.0,0.0,0.0,0.0,0.0,0.0,0.003628666465074085,0.0,0.0,0.0,0.0,0.0,0.0,0.0,0.0,0.0,0.0,0.0,0.0,0.0,0.0,0.0,0.0,0.0,0.0,0.0,0.0,0.0,0.0,0.0,0.0,0.0,0.0,0.12771616471688807
gilling,0.0,0.0,0.0,0.0,0.0,0.0,0.0,0.0,0.0,0.0,0.0,0.0,0.0,0.0,0.0,0.0,0.0,0.0,0.0,0.0,0.0,0.0,0.0,0.0,0.0,0.0,0.0,0.0,0.0,0.0,0.003326277592984578,0.0,0.0,0.0,0.0,0.0,0.0,0.0,0.0,0.0,0.0,0.0,0.0,0.0,0.0,0.0,0.0,0.0,0.0,0.0,0.0,0.0,0.0,0.0,0.0,0.0,0.0,0.12771616471688807
hatred,0.0,0.0,0.0,0.0,0.0,0.0,0.0,0.0,0.0,0.0,0.0,0.0,0.0,0.0,0.0,0.0,0.0,0.0,0.0,0.0,0.0,0.0,0.0,0.0,0.0,0.0,0.0,0.0,0.0,0.0,0.0030238887208950713,0.0,0.0,0.0,0.0,0.0,0.0,0.0,0.0,0.0,0.0,0.0,0.0,0.0,0.0,0.0,0.0,0.0,0.0,0.0,0.0,0.0,0.0,0.0,0.0,0.0,0.0,0.12771616471688807
viking,0.0,0.0,0.0,0.0,0.0,0.0,0.0,0.0,0.0,0.0,0.0,0.0,0.0,0.0,0.0,0.0,0.008921743563599286,0.0,0.0,0.0,0.0,0.0,0.0,0.0,0.0,0.0,0.0,0.0,0.0,0.0,0.0,0.0,0.0,0.0,0.0,0.0,0.0,0.0,0.0,0.0,0.0,0.0,0.0,0.0,0.0,0.0,0.0,0.0,0.0,0.0,0.0,0.0,0.0,0.0,0.0,0.0,0.0,0.12771616471688807
duckling,0.0,0.0,0.0,0.0,0.0,0.0,0.0,0.0,0.0,0.0,0.0,0.0,0.0,0.0,0.0,0.0,0.008157022686719348,0.0,0.0,0.0,0.0,0.0,0.0,0.0,0.0,0.0,0.0,0.0,0.0,0.0,0.0,0.0,0.0,0.0,0.0,0.0,0.0,0.0,0.0,0.0,0.0,0.0,0.0,0.0,0.0,0.0,0.0,0.0,0.0,0.0,0.0,0.0,0.0,0.0,0.0,0.0,0.0,0.12771616471688807
alfred,0.0,0.0,0.0,0.0,0.0,0.0,0.0,0.0,0.0,0.0,0.0,0.0,0.0,0.0,0.0,0.0,0.004333418302319653,0.0,0.0,0.0,0.0,0.0,0.0,0.0,0.0,0.0,0.0,0.0,0.0,0.0,0.0,0.0,0.0,0.0,0.0,0.0,0.0,0.0,0.0,0.0,0.0,0.0,0.0,0.0,0.0,0.0,0.0,0.0,0.0,0.0,0.0,0.0,0.0,0.0,0.0,0.0,0.0,0.12771616471688807
flap_wing,0.0,0.0,0.0,0.0,0.0,0.0,0.0,0.0,0.0,0.0,0.0,0.0,0.0,0.0,0.0,0.0,0.003313790466479735,0.0,0.0,0.0,0.0,0.0,0.0,0.0,0.0,0.0,0.0,0.0,0.0,0.0,0.0,0.0,0.0,0.0,0.0,0.0,0.0,0.0,0.0,0.0,0.0,0.0,0.0,0.0,0.0,0.0,0.0,0.0,0.0,0.0,0.0,0.0,0.0,0.0,0.0,0.0,0.0,0.12771616471688807
tirfing,0.0,0.0,0.0,0.0,0.0,0.0,0.0,0.0,0.0,0.0,0.0,0.0,0.0,0.0,0.0,0.0,0.002803976548559776,0.0,0.0,0.0,0.0,0.0,0.0,0.0,0.0,0.0,0.0,0.0,0.0,0.0,0.0,0.0,0.0,0.0,0.0,0.0,0.0,0.0,0.0,0.0,0.0,0.0,0.0,0.0,0.0,0.0,0.0,0.0,0.0,0.0,0.0,0.0,0.0,0.0,0.0,0.0,0.0,0.12771616471688807
seven_hundred,0.0,0.0,0.0,0.0,0.0,0.0,0.0,0.0,0.0030480656506447833,0.0,0.0,0.0,0.0,0.0,0.0,0.0,0.0,0.0,0.0,0.0,0.0,0.0,0.0,0.0,0.0,0.0,0.0,0.0,0.0,0.0,0.0,0.0,0.0,0.0,0.0,0.0,0.0,0.0,0.0,0.0,0.0,0.0,0.0,0.0,0.0,0.0,0.0,0.0,0.0,0.0,0.0,0.0,0.0,0.0,0.0,0.0,0.0,0.12771616471688807
greeting,0.0,0.0,0.0,0.0,0.0,0.0,0.0,0.0,0.0023446658851113715,0.0,0.0,0.0,0.0,0.0,0.0,0.0,0.0,0.0,0.0,0.0,0.0,0.0,0.0,0.0,0.0,0.0,0.0,0.0,0.0,0.0,0.0,0.0,0.0,0.0,0.0,0.0,0.0,0.0,0.0,0.0,0.0,0.0,0.0,0.0,0.0,0.0,0.0,0.0,0.0,0.0,0.0,0.0,0.0,0.0,0.0,0.0,0.0,0.12771616471688807
floatling,0.0,0.0,0.0,0.0,0.0,0.0,0.0,0.0,0.0,0.0,0.0,0.0,0.0,0.0,0.0,0.0,0.0,0.0,0.011081560283687944,0.0,0.0,0.0,0.0,0.0,0.0,0.0,0.0,0.0,0.0,0.0,0.0,0.0,0.0,0.0,0.0,0.0,0.0,0.0,0.0,0.0,0.0,0.0,0.0,0.0,0.0,0.0,0.0,0.0,0.0,0.0,0.0,0.0,0.0,0.0,0.0,0.0,0.0,0.12771616471688807
dumpling,0.003223915592028136,0.0,0.0,0.0,0.0,0.0,0.0,0.0,0.0,0.0,0.0,0.0,0.0,0.0,0.0,0.0,0.0,0.0,0.007535460992907801,0.0,0.0,0.0,0.0,0.0,0.0,0.0,0.0,0.0,0.0,0.0,0.0,0.0,0.0,0.0,0.0,0.0,0.0034063260340632603,0.0,0.0,0.0,0.0,0.0,0.0,0.0,0.0,0.0,0.0,0.0,0.0,0.0,0.0,0.0,0.0,0.0,0.0,0.0,0.0,0.12771616471688807
dsing,0.0,0.0,0.0,0.0,0.0,0.0,0.0,0.0,0.0,0.0,0.0,0.0,0.0,0.0,0.0,0.0,0.0,0.0,0.0,0.0,0.0,0.0,0.0,0.0,0.0,0.0,0.0,0.0,0.0,0.0,0.0,0.0,0.0,0.0,0.0,0.0,0.0170316301703163,0.0,0.0,0.0,0.0,0.0,0.0,0.0,0.0,0.0,0.0,0.0,0.0,0.0,0.0,0.0,0.0,0.0,0.0,0.0,0.0,0.12771616471688807
realize,0.0,0.0,0.0,0.0,0.0,0.0,0.0,0.0,0.0,0.0,0.0,0.0,0.0,0.0,0.0,0.0,0.0,0.0,0.0,0.0,0.0,0.0,0.0,0.0,0.0,0.0,0.0,0.0,0.0,0.0,0.0,0.0,0.0,0.0,0.0,0.0,0.007055961070559611,0.0,0.0,0.0,0.0,0.0,0.0,0.0,0.0,0.0,0.0,0.0,0.0,0.0,0.0,0.0,0.0,0.0,0.0,0.0,0.0,0.12771616471688807
dungting,0.0,0.0,0.0,0.0,0.0,0.0,0.0,0.0,0.0,0.0,0.0,0.0,0.0,0.0,0.0,0.0,0.0,0.0,0.0,0.0,0.0,0.0,0.0,0.0,0.0,0.0,0.0,0.0,0.0,0.0,0.0,0.0,0.0,0.0,0.0,0.0,0.0038929440389294406,0.0,0.0,0.0,0.0,0.0,0.0,0.0,0.0,0.0,0.0,0.0,0.0,0.0,0.0,0.0,0.0,0.0,0.0,0.0,0.0,0.12771616471688807
teaching,0.0,0.0,0.0,0.0,0.0,0.0,0.0,0.0,0.0,0.0,0.0,0.0,0.0,0.0,0.0,0.0,0.0,0.0,0.0,0.0,0.0,0.0,0.0,0.0,0.0,0.0,0.0,0.0,0.0,0.0,0.0,0.0,0.0,0.0,0.0,0.0,0.0024330900243309003,0.0,0.0,0.0,0.0,0.0,0.0,0.0,0.0,0.0,0.0,0.0,0.0,0.0,0.0,0.0,0.0,0.0,0.0,0.0,0.0,0.12771616471688807
proceeding,0.0,0.0,0.0,0.0,0.0,0.0,0.0,0.0,0.0,0.0,0.0,0.0,0.0,0.0,0.0,0.0,0.0,0.0,0.0,0.0,0.0,0.0,0.0,0.0,0.0,0.0,0.0,0.0,0.0,0.0,0.0,0.0,0.0,0.0,0.0,0.0,0.0024330900243309003,0.0,0.0,0.0,0.0,0.0,0.0,0.0,0.0,0.0,0.0,0.0,0.0,0.0,0.0,0.0,0.0,0.0,0.0,0.0,0.0,0.12771616471688807
mahomed,0.0,0.0,0.0,0.0,0.0,0.0,0.0,0.0,0.0,0.0,0.0,0.0,0.0,0.004135517735008748,0.0,0.0,0.0,0.0,0.0,0.0,0.0,0.0,0.0,0.0,0.0,0.0,0.0,0.0,0.0,0.0,0.0,0.0,0.0,0.0,0.0,0.0,0.0,0.0,0.0,0.0,0.0,0.0,0.0,0.0,0.0,0.0,0.0,0.0,0.0,0.0,0.0,0.0,0.0,0.0,0.0,0.0,0.0,0.12771616471688807
kitten,0.0,0.0,0.0,0.0,0.0,0.0,0.0,0.0,0.0,0.0,0.0,0.0,0.0,0.0025449339907746144,0.0,0.0,0.0,0.0,0.0,0.0,0.0,0.0,0.0,0.0,0.0,0.0,0.0,0.0,0.0,0.0,0.0,0.0,0.0,0.0,0.0,0.0,0.0,0.0,0.0,0.0,0.0,0.0,0.0,0.0,0.0,0.0,0.0,0.0,0.0,0.0,0.0,0.0,0.0,0.0,0.0,0.0,0.0,0.12771616471688807
notwithstanding,0.0,0.0,0.0,0.0,0.0,0.0,0.0,0.0,0.0,0.0,0.0,0.0,0.0,0.002385875616351201,0.0,0.0,0.0,0.0,0.0,0.0,0.0,0.0,0.0,0.0,0.0,0.0,0.0,0.0,0.0,0.0,0.0,0.0,0.0,0.0,0.0,0.0,0.0,0.0,0.0,0.0,0.0,0.0,0.0,0.0,0.0,0.0,0.0,0.0,0.0,0.0,0.0,0.0,0.0,0.0,0.0,0.0,0.0,0.12771616471688807
apply,0.0,0.0,0.0,0.0,0.0,0.0,0.0,0.0,0.0,0.0,0.0,0.0,0.0,0.0017496421186575474,0.0,0.0,0.0,0.0,0.0,0.0,0.0,0.0,0.0,0.0,0.0,0.0,0.0,0.0,0.0,0.0,0.0,0.0,0.0,0.0,0.0,0.0,0.0,0.0,0.0,0.0,0.0,0.0,0.0,0.0,0.0,0.0,0.0,0.0,0.0,0.0,0.0,0.0,0.0,0.0,0.0,0.0,0.0,0.12771616471688807
much_pleased,0.0,0.0,0.0,0.0,0.0,0.0,0.0,0.0,0.0,0.0,0.0,0.0,0.0,0.001590583744234134,0.0,0.0,0.0,0.0,0.0,0.0,0.0,0.0,0.0,0.0,0.0,0.0,0.0,0.0,0.0,0.0,0.0,0.0,0.0,0.0,0.0,0.0,0.0,0.0,0.0,0.0,0.0,0.0,0.0,0.0,0.0,0.0,0.0,0.0,0.0,0.0,0.0,0.0,0.0,0.0,0.0,0.0,0.0,0.12771616471688807
harisaboqued,0.0,0.0,0.0,0.0,0.0,0.0,0.0,0.0,0.0,0.0,0.0,0.0,0.0,0.0,0.0,0.0,0.0,0.0,0.0,0.0,0.0,0.0,0.0,0.0,0.0,0.0,0.0,0.0,0.0,0.0,0.0,0.0,0.0,0.0,0.0,0.0,0.0,0.0,0.0,0.0,0.014801110083256245,0.0,0.0,0.0,0.0,0.0,0.0,0.0,0.0,0.0,0.0,0.0,0.0,0.0,0.0,0.0,0.0,0.12771616471688807
